id: 0,carat,cut,color,clarity,depth,table,price,x,y,z
1389,0.24,Ideal,G,VVS1,62.1,56.0,559,3.97,4.0,2.47
50053,0.58,Very Good,F,VVS2,60.0,57.0,2201,5.44,5.42,3.26
41646,0.4,Ideal,E,VVS2,62.1,55.0,1238,4.76,4.74,2.95
42378,0.43,Premium,E,VVS2,60.8,57.0,1304,4.92,4.89,2.98
17245,1.55,Ideal,E,SI2,62.3,55.0,6901,7.44,7.37,4.61
1609,1.0,Fair,E,SI2,55.4,62.0,3011,6.63,6.59,3.66
46399,0.51,Ideal,F,VS1,60.2,56.0,1765,5.22,5.24,3.15
45494,0.52,Ideal,D,VS2,62.0,56.0,1679,5.17,5.19,3.21
49386,0.62,Premium,E,VS2,60.0,59.0,2102,5.58,5.56,3.34
10461,1.14,Ideal,H,SI1,60.3,57.0,4789,6.79,6.85,4.11
34244,0.4,Ideal,D,SI2,62.8,56.0,855,4.73,4.7,2.96
24773,1.83,Very Good,E,SI2,62.8,56.0,13134,7.76,7.82,4.89
42988,0.6,Fair,F,SI1,55.3,63.0,1367,5.67,5.61,3.12
51712,0.7,Very Good,F,SI1,63.5,56.0,2401,5.58,5.66,3.57
43778,0.53,Good,H,IF,61.2,65.0,1440,5.16,5.27,3.19
22233,1.55,Ideal,I,VS1,61.2,55.0,10286,7.49,7.47,4.58
1320,0.98,Fair,F,SI2,61.6,66.0,2958,6.46,6.24,3.92
43220,0.4,Ideal,E,VVS1,62.6,56.0,1397,4.73,4.7,2.95
21844,1.5,Very Good,F,SI1,62.8,56.0,9904,7.26,7.33,4.58
53627,0.35,Very Good,I,VS1,60.7,62.0,552,4.53,4.59,2.77
27498,2.07,Premium,I,VS2,61.2,58.0,18193,8.18,8.2,5.01
36555,0.4,Premium,E,SI1,60.9,60.0,945,4.77,4.75,2.9
21056,0.31,Ideal,F,VS2,61.9,55.0,625,4.31,4.35,2.68
23029,0.3,Ideal,H,VVS2,61.7,54.2,631,4.32,4.35,2.67
5537,0.91,Ideal,H,SI2,60.6,57.0,3854,6.3,6.26,3.81
43435,0.53,Ideal,E,SI1,61.4,56.0,1415,5.21,5.24,3.21
38523,0.34,Ideal,E,VS1,60.8,57.0,1033,4.53,4.49,2.74
24965,2.02,Ideal,F,SI2,62.7,57.0,13453,8.07,7.93,5.03
19772,1.04,Ideal,D,VS1,59.1,56.0,8341,6.65,6.59,3.91
40272,0.23,Ideal,F,VS2,61.8,55.0,493,3.93,3.96,2.43
8474,1.01,Ideal,F,SI2,62.5,55.0,4416,6.39,6.4,4.0
43497,0.54,Premium,E,SI1,61.4,60.0,1422,5.21,5.25,3.21
23559,2.01,Very Good,J,SI1,63.4,57.0,11566,7.97,7.89,5.03
46751,0.51,Good,G,VVS2,63.3,58.0,1800,5.04,5.07,3.2
49728,0.5,Very Good,F,VVS2,62.8,55.0,2153,5.0,5.13,3.18
34923,0.3,Ideal,J,VS1,62.6,53.0,373,4.28,4.32,2.69
31850,0.3,Ideal,F,VS2,60.9,56.0,776,4.35,4.32,2.64
47713,0.5,Very Good,G,VVS1,63.3,53.0,1885,5.06,5.09,3.21
48447,0.51,Very Good,G,VVS2,63.1,58.0,1974,5.11,5.07,3.21
27597,2.09,Premium,H,VS2,62.2,58.0,18443,8.17,8.12,5.06
50091,0.62,Ideal,G,VS1,60.7,55.0,2206,5.55,5.59,3.38
45997,0.53,Very Good,D,SI1,60.0,59.8,1724,5.25,5.26,3.15
34231,0.4,Premium,E,SI2,61.4,59.0,855,4.75,4.7,2.9
26269,2.0,Very Good,H,SI1,62.2,57.0,15745,7.97,8.08,4.99
1633,0.7,Ideal,E,VS1,62.7,57.0,3016,5.65,5.7,3.56
30201,0.42,Good,F,SI1,63.1,56.0,722,4.79,4.82,3.03
24573,1.6,Ideal,F,SI1,61.0,57.0,12871,7.54,7.6,4.62
23578,1.5,Premium,F,SI1,61.4,59.0,11588,7.34,7.31,4.5
27240,2.52,Good,G,SI2,63.7,59.0,17608,8.57,8.52,5.44
18520,1.35,Very Good,H,VS2,62.3,57.0,7549,7.06,7.12,4.42
36084,0.33,Ideal,G,IF,61.9,56.0,925,4.43,4.47,2.75
20869,1.41,Good,H,VS2,63.8,60.0,9088,7.04,7.12,4.52
3752,0.78,Ideal,D,SI2,61.4,57.0,3454,5.91,5.94,3.64
16972,1.01,Very Good,G,VS1,58.8,58.0,6777,6.52,6.61,3.86
9527,0.9,Very Good,H,VVS2,61.8,60.0,4617,6.11,6.15,3.79
14937,1.23,Ideal,J,VS2,61.2,57.0,6015,6.93,6.88,4.23
6917,0.9,Premium,G,VS2,62.0,60.0,4137,6.19,6.14,3.82
28650,0.31,Very Good,I,VS2,62.3,57.0,435,4.32,4.35,2.7
5877,0.91,Good,F,SI1,63.7,58.0,3924,6.09,6.02,3.86
46505,0.56,Ideal,F,VS2,60.8,56.0,1778,5.33,5.3,3.23
52125,0.91,Premium,E,I1,59.6,59.0,2464,6.29,6.32,3.76
31328,0.3,Very Good,E,VVS2,62.4,57.0,759,4.28,4.31,2.68
26154,2.18,Premium,J,VS2,60.1,58.0,15465,8.46,8.41,5.07
1415,1.06,Premium,I,SI2,61.5,57.0,2968,6.57,6.49,4.02
34533,0.3,Ideal,F,VVS1,62.1,55.0,868,4.31,4.32,2.68
43947,0.32,Ideal,E,SI1,62.2,54.0,516,4.38,4.4,2.73
709,0.68,Premium,F,VVS2,61.7,57.0,2854,5.67,5.64,3.49
46869,0.53,Ideal,G,VS1,62.7,55.0,1813,5.18,5.16,3.24
45182,0.51,Ideal,G,VS1,62.7,56.0,1656,5.08,5.1,3.19
2594,0.64,Ideal,F,VVS2,60.9,56.0,3217,5.57,5.59,3.4
8179,1.05,Ideal,J,SI2,61.3,56.0,4364,6.56,6.59,4.03
44327,0.33,Very Good,H,VS2,62.8,59.0,521,4.38,4.44,2.77
9354,1.07,Premium,G,SI2,62.1,59.0,4584,6.54,6.48,4.04
25127,2.02,Premium,E,SI2,59.9,58.0,13677,8.18,8.14,4.89
42132,0.53,Ideal,F,SI2,63.0,54.0,1279,5.24,5.19,3.29
38423,0.39,Premium,E,VS1,59.6,60.0,1026,4.72,4.75,2.82
25561,2.1,Premium,I,VS2,60.7,61.0,14394,8.28,8.27,5.02
53409,0.7,Premium,F,VS1,61.7,60.0,2669,5.67,5.64,3.49
22906,1.51,Very Good,G,SI1,61.5,54.0,10947,7.35,7.42,4.54
22530,1.51,Premium,E,SI2,60.6,59.0,10570,7.47,7.41,4.51
34239,0.4,Premium,D,SI2,61.9,58.0,855,4.73,4.71,2.92
30706,0.3,Ideal,G,VVS1,61.4,56.0,737,4.32,4.34,2.66
46351,0.5,Ideal,E,VS1,61.9,54.1,1759,5.09,5.15,3.17
38913,0.33,Good,G,IF,57.9,60.0,1052,4.57,4.55,2.64
5573,1.14,Premium,J,SI2,60.4,59.0,3861,6.8,6.74,4.09
39483,0.41,Ideal,E,VS1,62.7,57.0,1079,4.72,4.76,2.97
27364,0.28,Premium,E,VVS2,60.1,59.0,646,4.22,4.26,2.55
51897,0.78,Ideal,F,SI2,59.7,57.0,2431,6.01,5.98,3.58
23823,1.7,Premium,I,VS2,62.2,58.0,11888,7.65,7.6,4.74
52802,0.6,Ideal,G,IF,62.0,55.0,2570,5.39,5.44,3.36
17156,1.09,Ideal,E,SI1,61.8,55.0,6849,6.65,6.58,4.09
53441,0.81,Ideal,E,SI2,61.4,57.0,2673,6.0,5.97,3.68
44535,0.5,Very Good,G,VS1,61.9,59.0,1603,5.06,5.08,3.14
2009,0.9,Ideal,J,SI1,62.6,54.0,3102,6.16,6.23,3.88
13059,1.01,Very Good,E,SI1,62.8,57.0,5411,6.35,6.39,4.0
47660,0.23,Very Good,E,VVS1,61.1,60.0,530,3.95,4.01,2.43
36716,0.41,Premium,E,SI2,61.7,58.0,953,4.8,4.76,2.95
39881,0.42,Ideal,G,VVS2,62.4,55.0,1103,4.82,4.79,3.0
8511,1.03,Fair,G,SI1,64.7,63.0,4424,6.36,6.31,4.1
45843,0.5,Good,G,VVS2,63.8,56.0,1715,5.03,5.06,3.22
30189,0.35,Ideal,E,VS2,63.5,54.0,722,4.48,4.43,2.83
7181,1.01,Very Good,G,SI1,63.3,57.0,4185,6.37,6.35,4.02
49280,0.54,Good,F,VS1,63.7,55.0,2090,5.16,5.11,3.27
12681,1.09,Ideal,F,SI2,62.0,56.0,5306,6.62,6.58,4.09
33613,0.31,Good,D,SI2,63.9,57.0,462,4.28,4.33,2.75
26449,1.55,Premium,D,VS2,61.5,58.0,15991,7.48,7.51,4.61
2730,0.31,Ideal,D,SI1,61.7,55.0,565,4.37,4.41,2.71
36257,0.41,Ideal,E,VS2,62.1,56.0,935,4.74,4.76,2.95
35987,0.42,Very Good,H,VVS2,62.9,56.0,921,4.75,4.79,3.0
29307,0.25,Ideal,G,VS1,62.3,54.0,438,4.05,4.11,2.54
9988,1.12,Premium,I,SI1,60.8,57.0,4704,6.76,6.7,4.09
30240,0.33,Ideal,E,VS2,62.3,57.0,723,4.37,4.43,2.74
50378,0.44,Good,D,VVS1,59.2,57.0,2250,4.96,5.0,2.95
51116,0.7,Very Good,G,VS2,63.4,58.0,2338,5.63,5.57,3.55
10440,1.0,Good,D,SI1,65.1,54.0,4786,6.23,6.27,4.07
12669,1.01,Premium,H,VS2,61.5,59.0,5303,6.48,6.49,3.99
17842,1.7,Ideal,H,I1,62.6,54.0,7197,7.63,7.58,4.77
3800,1.0,Good,I,SI2,63.9,60.0,3465,6.26,6.3,4.01
4919,0.7,Ideal,G,VVS2,61.6,57.0,3725,5.74,5.71,3.53
52397,0.58,Ideal,F,VVS2,62.2,56.0,2509,5.32,5.35,3.32
13207,1.11,Ideal,H,SI1,61.6,56.0,5456,6.69,6.65,4.11
26518,1.74,Very Good,G,VS2,62.9,57.0,16169,7.64,7.68,4.82
21505,1.02,Ideal,F,VVS2,62.3,58.0,9598,6.42,6.45,4.01
21230,1.6,Ideal,I,SI1,62.0,55.0,9376,7.53,7.59,4.69
13374,0.24,Ideal,F,VS2,62.2,57.0,419,3.96,4.01,2.48
34501,0.42,Good,I,VVS1,59.2,61.0,867,4.88,4.91,2.9
28577,0.3,Ideal,H,VS1,62.5,56.0,675,4.27,4.24,2.66
38517,0.37,Ideal,G,IF,62.4,56.0,1033,4.6,4.64,2.88
29435,0.42,Good,H,SI1,63.2,58.0,700,4.77,4.79,3.02
8369,1.0,Good,E,SI2,63.5,54.0,4400,6.35,6.41,4.05
37592,0.24,Very Good,E,VVS2,62.5,58.0,485,3.96,4.01,2.49
8881,1.02,Ideal,J,VS2,62.0,56.0,4485,6.42,6.45,3.99
38732,0.4,Ideal,G,VVS1,62.4,54.0,1043,4.73,4.75,2.96
13400,0.32,Very Good,F,VS2,63.0,57.0,602,4.33,4.37,2.74
39084,0.31,Ideal,E,IF,61.9,56.0,1060,4.35,4.37,2.7
42611,0.32,Ideal,H,VS2,62.1,56.0,505,4.37,4.42,2.73
41819,0.43,Ideal,F,VVS2,61.9,56.0,1250,4.87,4.82,3.0
6995,1.06,Premium,F,SI1,61.9,59.0,4155,6.57,6.52,4.05
43623,0.57,Very Good,G,SI1,61.1,57.0,1433,5.32,5.35,3.26
48091,1.0,Premium,H,I1,60.4,61.0,1932,6.39,6.32,3.84
18886,1.0,Premium,E,VS1,60.4,59.0,7744,6.51,6.54,3.94
51709,0.8,Fair,G,SI2,67.1,56.0,2400,5.76,5.73,3.85
32691,0.31,Very Good,G,VS1,63.1,59.0,802,4.29,4.27,2.7
18274,2.03,Premium,H,I1,59.4,59.0,7421,8.31,8.22,4.91
9315,1.11,Ideal,H,SI2,62.7,57.0,4578,6.59,6.66,4.14
45634,0.25,Very Good,G,VVS1,61.7,56.0,525,4.07,4.09,2.51
13115,1.02,Premium,E,SI1,62.8,58.0,5429,6.45,6.39,4.03
23826,1.54,Premium,F,SI1,60.9,59.0,11897,7.56,7.46,4.57
32105,0.33,Ideal,D,VS2,62.1,55.0,781,4.43,4.46,2.76
42226,0.39,Premium,F,VVS1,62.7,57.0,1290,4.68,4.64,2.92
15976,1.27,Ideal,I,VS1,62.8,57.0,6396,6.86,6.89,4.32
47933,0.56,Premium,E,VS2,61.4,61.0,1915,5.31,5.28,3.25
26196,2.01,Ideal,H,SI2,60.1,57.0,15562,8.24,8.2,4.94
38922,0.33,Ideal,G,IF,61.9,54.0,1052,4.46,4.42,2.75
53727,0.72,Premium,D,VS2,61.0,59.0,2721,5.77,5.74,3.51
30215,0.33,Ideal,E,VS2,62.3,56.0,723,4.46,4.47,2.78
1222,0.81,Ideal,I,VS2,61.8,56.0,2939,6.02,5.99,3.71
50747,0.81,Fair,I,VS1,66.5,53.0,2297,5.76,5.83,3.86
24794,1.31,Ideal,G,VVS2,60.3,56.0,13168,7.09,7.15,4.29
24281,1.58,Premium,F,SI1,61.4,61.0,12512,7.48,7.45,4.58
16108,1.23,Ideal,H,SI1,61.0,56.0,6439,6.96,6.92,4.23
22350,2.01,Premium,J,VS2,58.6,61.0,10401,8.18,8.14,4.78
40804,0.41,Good,E,VVS1,60.4,61.0,1169,4.76,4.81,2.89
49528,0.52,Ideal,F,VS1,61.3,56.0,2123,5.19,5.22,3.19
45402,0.55,Ideal,H,VVS2,60.7,55.0,1668,5.32,5.34,3.24
13132,1.05,Premium,E,SI1,61.2,58.0,5433,6.57,6.53,4.01
49218,1.06,Very Good,G,I1,60.7,63.0,2080,6.59,6.56,3.99
8781,1.0,Premium,H,SI1,62.7,60.0,4469,6.3,6.24,3.93
7480,1.0,Ideal,I,SI1,62.8,56.0,4237,6.33,6.38,3.99
28991,0.34,Premium,F,VS2,59.2,60.0,686,4.56,4.6,2.71
19635,1.54,Ideal,I,SI2,62.0,59.0,8254,7.33,7.38,4.56
23003,1.47,Very Good,G,VS2,62.7,56.0,11060,7.15,7.18,4.49
45423,0.55,Ideal,E,SI1,61.4,55.0,1668,5.29,5.26,3.24
17824,1.08,Ideal,G,VS2,62.3,54.0,7187,6.59,6.61,4.11
18623,1.09,Very Good,F,VS1,62.9,58.0,7598,6.51,6.55,4.11
35109,0.3,Ideal,F,IF,62.1,57.0,886,4.27,4.3,2.66
2361,0.9,Ideal,J,VS1,62.5,55.0,3175,6.18,6.14,3.85
33260,0.37,Good,D,VS1,62.1,54.0,825,4.67,4.73,2.92
27380,0.35,Very Good,H,SI1,63.2,57.0,647,4.51,4.48,2.84
1282,0.81,Ideal,H,SI1,62.3,58.0,2951,5.95,5.96,3.71
15704,0.24,Very Good,F,VVS2,61.8,56.0,608,4.01,4.04,2.48
36199,0.42,Ideal,F,SI1,61.5,55.0,931,4.82,4.84,2.97
35580,0.35,Ideal,F,VS2,62.4,57.0,906,4.51,4.5,2.81
49986,0.74,Good,F,SI2,59.3,61.0,2190,5.87,5.97,3.51
28896,0.3,Very Good,G,VVS2,61.3,58.0,684,4.28,4.34,2.64
49472,0.64,Very Good,E,VS2,63.4,54.0,2114,5.52,5.49,3.49
1247,0.85,Good,G,SI1,64.9,56.0,2945,5.95,5.98,3.87
39823,0.3,Premium,E,IF,60.1,60.0,1097,4.32,4.3,2.59
36629,0.29,Very Good,H,VVS1,62.0,55.0,478,4.24,4.27,2.64
39484,0.41,Ideal,E,VS1,61.7,57.0,1079,4.76,4.8,2.95
15732,1.51,Fair,H,SI2,64.5,59.0,6291,7.21,7.15,4.63
41820,0.6,Ideal,G,SI2,59.1,56.0,1250,5.58,5.52,3.28
15036,0.3,Ideal,F,VS2,61.9,55.0,605,4.31,4.32,2.67
22262,1.09,Ideal,E,VVS2,61.6,56.0,10314,6.6,6.64,4.08
25783,2.01,Premium,I,SI1,60.1,59.0,14752,8.21,8.15,4.92
16672,1.26,Premium,H,SI1,62.2,58.0,6664,6.93,6.87,4.29
31167,0.41,Good,E,SI1,63.9,58.0,755,4.7,4.72,3.01
12950,0.9,Very Good,E,SI1,61.4,56.0,5387,6.19,6.23,3.81
20629,1.0,Premium,F,VVS2,60.6,54.0,8924,6.56,6.52,3.96
10811,1.0,Very Good,E,SI1,62.1,57.0,4864,6.35,6.4,3.96
31744,0.4,Ideal,D,SI1,62.1,56.0,772,4.7,4.74,2.93
11646,1.14,Very Good,H,VS2,59.9,57.0,5053,6.78,6.81,4.07
38462,0.38,Very Good,F,VVS1,63.8,58.0,1030,4.58,4.61,2.93
52432,0.7,Very Good,H,VS2,63.0,55.4,2513,5.67,5.7,3.58
36214,0.36,Premium,G,VS1,61.2,60.0,932,4.59,4.56,2.8
1976,0.8,Premium,E,SI1,62.9,60.0,3091,5.89,5.87,3.7
46583,0.55,Premium,E,VS2,60.5,58.0,1786,5.26,5.32,3.2
4741,0.92,Premium,E,SI2,61.8,59.0,3679,6.19,6.11,3.8
29065,0.4,Good,E,SI1,63.3,56.0,687,4.68,4.74,2.98
5206,1.04,Premium,G,SI1,60.3,58.0,3780,6.6,6.55,3.96
37453,0.35,Ideal,E,VS2,62.2,56.0,984,4.53,4.51,2.81
26613,2.11,Very Good,I,VS2,60.3,60.5,16363,8.22,8.29,4.98
22978,1.5,Very Good,H,VS2,60.7,61.0,11025,7.34,7.41,4.48
4880,0.9,Very Good,E,SI2,62.2,54.0,3715,6.13,6.21,3.84
41027,0.41,Ideal,E,VVS2,61.5,55.0,1187,4.79,4.83,2.96
39364,0.5,Premium,E,SI1,62.2,58.0,1073,5.03,4.87,3.1
44621,0.57,Very Good,G,VS2,62.6,55.0,1608,5.26,5.31,3.31
10454,1.0,Premium,H,SI1,62.1,56.0,4788,6.48,6.38,3.99
24785,2.75,Ideal,D,I1,60.9,57.0,13156,9.04,8.98,5.49
45436,0.58,Ideal,H,VS1,61.2,55.0,1671,5.39,5.42,3.31
12497,1.0,Very Good,E,SI1,59.6,60.0,5257,6.58,6.51,3.9
5056,0.31,Very Good,H,SI1,63.1,57.0,573,4.34,4.31,2.73
34853,0.3,Premium,G,VVS2,61.3,57.0,878,4.33,4.29,2.64
27997,0.3,Very Good,E,VS2,61.9,61.0,658,4.28,4.32,2.66
40729,0.51,Ideal,H,SI1,62.1,54.0,1161,5.13,5.15,3.19
12475,1.02,Ideal,H,SI1,60.8,58.0,5251,6.47,6.49,3.94
12692,0.26,Very Good,E,VVS2,61.7,60.0,599,4.11,4.12,2.54
1176,0.7,Ideal,E,SI1,60.1,57.0,2929,5.78,5.83,3.49
8146,0.96,Ideal,G,SI1,62.6,57.0,4355,6.28,6.24,3.92
28239,0.33,Ideal,G,VS1,61.4,54.0,666,4.44,4.48,2.74
2759,0.9,Good,G,SI1,64.2,58.0,3250,6.04,6.01,3.87
23358,0.3,Ideal,G,SI1,62.1,53.0,422,4.32,4.37,2.7
8248,1.04,Very Good,G,SI2,62.6,58.0,4375,6.42,6.49,4.04
46801,0.7,Premium,F,SI2,60.3,58.0,1806,5.79,5.76,3.48
36502,0.33,Very Good,E,VVS1,61.8,54.0,945,4.47,4.49,2.77
10318,1.03,Premium,D,SI2,61.3,61.0,4764,6.49,6.46,3.97
2808,0.72,Very Good,F,VS1,63.4,57.0,3264,5.68,5.7,3.61
20249,1.23,Ideal,F,VS1,61.3,57.0,8679,6.93,6.86,4.23
14607,1.21,Premium,J,VVS1,61.3,59.0,5893,6.81,6.86,4.19
22573,1.52,Fair,G,VS2,55.2,66.0,10623,7.72,7.67,4.26
35894,0.32,Ideal,G,IF,61.8,55.0,918,4.42,4.45,2.74
24027,1.54,Premium,H,IF,62.5,58.0,12196,7.33,7.38,4.6
40010,0.41,Ideal,F,VS2,62.7,56.0,1107,4.78,4.72,2.98
20268,1.74,Premium,J,SI2,59.7,57.0,8690,7.88,7.8,4.68
36787,0.34,Premium,E,VS2,58.8,59.0,956,4.59,4.56,2.69
2894,0.92,Fair,F,SI2,65.3,58.0,3282,6.08,6.04,3.96
41067,0.52,Ideal,F,SI2,62.1,55.0,1191,5.14,5.17,3.2
9168,0.98,Very Good,G,SI2,62.2,57.0,4542,6.33,6.37,3.95
14344,1.22,Ideal,I,SI1,60.2,57.0,5807,6.99,6.93,4.19
23743,2.0,Very Good,J,SI2,59.8,60.0,11792,8.09,8.13,4.85
39822,0.38,Ideal,E,VVS2,62.4,56.0,1097,4.69,4.63,2.91
46701,0.55,Premium,G,VS1,59.4,62.0,1792,5.36,5.32,3.17
27539,2.01,Premium,H,SI1,61.4,56.0,18295,8.19,8.13,5.01
40444,0.7,Premium,G,I1,61.6,56.0,1138,5.8,5.63,3.52
26996,2.01,Very Good,H,SI1,60.0,58.0,17095,8.16,8.25,4.92
50181,0.74,Very Good,H,SI2,62.1,58.0,2222,5.82,5.78,3.6
8900,0.79,Premium,E,VVS1,62.8,60.0,4490,5.89,5.8,3.67
20348,1.7,Ideal,I,SI2,60.7,59.0,8743,7.69,7.64,4.65
19019,2.11,Very Good,G,I1,63.2,57.0,7834,8.13,8.07,5.12
26301,1.72,Premium,G,VS2,61.1,58.0,15801,7.69,7.73,4.71
35034,0.4,Good,E,SI1,63.6,57.0,882,4.69,4.65,2.97
36570,0.42,Good,E,SI1,63.6,61.0,945,4.73,4.7,3.0
50522,0.7,Fair,G,VS2,57.3,63.0,2273,5.78,5.84,3.33
5247,1.0,Very Good,F,SI2,61.7,58.0,3789,6.32,6.36,3.91
8441,1.25,Premium,J,SI2,62.3,59.0,4410,6.86,6.82,4.26
39032,0.41,Ideal,I,VS2,61.2,56.0,1056,4.77,4.81,2.93
34346,0.39,Ideal,F,VS2,59.2,58.0,862,4.78,4.81,2.84
21394,1.51,Premium,H,SI1,62.0,58.0,9511,7.38,7.34,4.56
18028,1.02,Very Good,G,VVS2,61.3,59.0,7292,6.46,6.53,3.98
26147,2.0,Premium,H,SI2,59.7,61.0,15451,8.2,8.15,4.88
28847,0.41,Premium,D,SI2,62.4,60.0,683,4.71,4.77,2.96
14599,1.23,Good,H,SI1,63.9,56.0,5889,6.81,6.77,4.34
51089,0.7,Very Good,H,VS2,60.0,57.0,2335,5.74,5.8,3.46
7259,1.19,Premium,J,SI2,58.4,60.0,4198,6.98,6.92,4.06
6538,1.1,Ideal,E,SI2,59.4,54.0,4071,6.79,6.74,4.02
50031,0.72,Ideal,H,SI1,60.3,59.0,2197,5.77,5.83,3.5
51547,0.71,Ideal,I,VVS2,62.0,54.0,2387,5.72,5.76,3.56
28161,0.3,Ideal,H,VVS1,61.3,57.0,665,4.32,4.36,2.66
53815,0.77,Good,H,VVS2,64.3,57.9,2734,5.7,5.86,3.71
28042,0.38,Good,I,SI1,63.7,57.0,659,4.63,4.57,2.93
2464,0.7,Ideal,F,VVS2,62.0,55.0,3191,5.71,5.67,3.53
12957,1.0,Premium,H,VS1,61.5,57.0,5387,6.44,6.37,3.94
24865,1.52,Ideal,E,SI1,62.1,56.0,13280,7.35,7.38,4.57
32413,0.41,Ideal,D,SI1,61.7,54.0,791,4.78,4.79,2.95
18693,0.29,Ideal,E,VS2,60.1,56.0,619,4.3,4.34,2.6
38130,0.3,Premium,G,VVS1,62.1,56.0,1013,4.31,4.29,2.67
32378,0.3,Fair,G,VVS1,58.6,66.0,790,4.36,4.41,2.57
48905,0.5,Very Good,F,VVS2,61.9,59.0,2041,5.07,5.11,3.15
22553,1.52,Ideal,H,SI1,61.5,58.0,10589,7.4,7.36,4.54
23147,1.02,Premium,E,VVS1,61.5,59.0,11163,6.46,6.41,3.96
34188,0.33,Ideal,G,VS1,62.3,57.0,854,4.42,4.38,2.74
34084,0.36,Ideal,D,VS2,61.1,57.0,852,4.58,4.62,2.81
18501,1.5,Premium,G,SI1,62.3,60.0,7535,7.27,7.17,4.5
1656,0.73,Very Good,F,SI1,61.3,56.0,3023,5.78,5.84,3.56
9842,1.08,Ideal,G,SI2,61.9,58.0,4675,6.55,6.57,4.06
9070,1.13,Premium,G,SI2,60.0,61.0,4518,6.78,6.71,4.05
27712,0.36,Premium,I,VS2,62.7,59.0,648,4.58,4.54,2.86
50822,0.72,Good,E,SI2,57.9,56.0,2308,5.93,5.85,3.41
39947,0.24,Good,F,VVS1,64.8,57.0,492,3.9,3.94,2.54
5568,0.8,Ideal,F,VS1,61.2,56.0,3860,5.98,6.01,3.67
7965,1.09,Very Good,D,SI2,59.2,63.0,4322,6.71,6.67,3.96
34033,0.4,Very Good,D,VS2,59.3,58.0,850,4.8,4.85,2.86
11750,1.07,Ideal,F,SI2,62.0,56.0,5077,6.51,6.55,4.09
37468,0.42,Ideal,G,VS1,62.7,54.0,984,4.83,4.8,3.02
34727,0.41,Ideal,E,VS2,62.3,54.0,875,4.74,4.8,2.97
7723,0.26,Premium,E,VS2,62.1,56.0,580,4.13,4.11,2.56
23353,0.3,Ideal,I,SI1,61.9,57.0,422,4.29,4.31,2.66
25385,1.5,Premium,F,VS2,61.5,58.0,14071,7.34,7.36,4.52
52542,0.71,Premium,H,VS2,62.8,56.0,2531,5.75,5.68,3.59
9585,1.0,Very Good,D,SI2,63.2,57.0,4628,6.24,6.32,3.97
5188,0.9,Premium,G,SI1,62.7,58.0,3774,6.13,6.08,3.83
1373,0.85,Very Good,E,SI2,63.1,58.0,2966,6.02,6.0,3.79
18906,1.52,Premium,J,VS2,62.0,59.0,7758,7.28,7.31,4.52
13803,1.21,Ideal,H,SI2,62.6,56.0,5624,6.84,6.77,4.26
31688,0.26,Ideal,D,VVS2,61.4,56.0,769,4.15,4.12,2.54
27392,1.54,Ideal,F,VS1,60.5,56.0,17949,7.52,7.49,4.54
41844,0.35,Ideal,E,IF,62.2,56.0,1254,4.52,4.51,2.81
34964,0.31,Premium,E,SI1,62.7,58.0,471,4.32,4.35,2.72
21366,0.42,Ideal,F,SI2,61.7,54.0,626,4.85,4.87,3.0
41462,0.41,Ideal,G,VVS1,62.1,55.0,1230,4.79,4.74,2.96
10389,0.31,Ideal,G,SI1,62.2,55.0,593,4.38,4.36,2.72
45131,0.52,Very Good,E,VS2,62.5,58.0,1653,5.13,5.18,3.22
8940,1.01,Premium,F,SI2,62.6,60.0,4497,6.37,6.35,3.98
30787,0.3,Very Good,D,VS1,62.2,58.0,742,4.25,4.27,2.65
36615,0.34,Premium,E,SI2,62.4,59.0,477,4.42,4.46,2.77
53074,0.71,Ideal,F,SI1,61.5,56.0,2610,5.69,5.76,3.52
44124,0.5,Premium,E,VS2,62.0,58.0,1559,5.07,5.09,3.15
28010,0.3,Premium,E,VS2,60.7,59.0,658,4.3,4.33,2.62
16963,1.12,Ideal,G,VS2,62.2,54.0,6774,6.65,6.62,4.13
19574,1.51,Ideal,J,VS2,61.5,56.0,8203,7.37,7.4,4.54
2673,0.71,Ideal,E,VS1,60.4,56.0,3238,5.8,5.85,3.52
50767,0.75,Ideal,J,VS1,62.9,57.0,2300,5.74,5.81,3.63
10128,1.11,Ideal,H,SI2,62.6,56.0,4719,6.58,6.65,4.14
26965,1.71,Premium,G,VS1,62.3,58.0,17041,7.61,7.65,4.75
8322,1.0,Premium,E,SI2,60.6,61.0,4390,6.44,6.39,3.89
15200,1.21,Ideal,F,SI2,61.8,57.0,6105,6.87,6.82,4.23
24781,1.71,Very Good,F,SI1,63.3,53.0,13152,7.54,7.59,4.79
2886,0.71,Very Good,G,VVS2,62.8,58.0,3281,5.69,5.75,3.59
1902,0.76,Ideal,E,VS2,61.3,56.0,3079,5.79,5.83,3.56
50172,0.71,Very Good,I,VS2,61.4,56.0,2219,5.73,5.79,3.53
25813,2.19,Very Good,I,SI1,62.6,58.0,14819,8.24,8.33,5.19
21760,1.5,Ideal,I,VS2,60.0,61.0,9827,7.39,7.42,4.44
11476,1.0,Good,D,SI1,64.8,58.0,5013,6.23,6.27,4.05
6690,1.2,Very Good,J,SI2,61.8,56.0,4102,6.81,6.85,4.22
28176,0.35,Ideal,F,VS1,62.4,55.0,665,4.49,4.52,2.81
25696,0.4,Fair,D,SI1,65.1,55.0,644,4.63,4.68,3.03
38729,0.4,Ideal,G,VVS1,62.1,53.0,1043,4.75,4.79,2.96
24419,1.64,Premium,F,SI1,62.8,59.0,12670,7.53,7.51,4.72
48179,0.54,Ideal,H,VVS1,61.7,57.0,1944,5.24,5.23,3.23
2631,0.74,Premium,E,VS2,62.7,58.0,3228,5.77,5.72,3.6
10425,1.24,Ideal,J,SI2,60.1,57.0,4783,7.02,6.98,4.21
34741,0.32,Ideal,F,VS1,61.9,55.0,876,4.41,4.4,2.73
51950,0.71,Very Good,E,SI1,63.1,59.0,2441,5.75,5.62,3.59
27276,2.0,Very Good,G,SI1,63.0,55.0,17724,7.96,8.1,5.06
33036,0.32,Ideal,G,VVS1,61.7,56.0,814,4.4,4.42,2.72
31448,0.4,Ideal,I,SI1,61.6,56.0,765,4.74,4.68,2.9
7482,0.91,Premium,H,VS2,61.8,60.0,4238,6.22,6.18,3.83
23859,1.5,Good,E,SI1,63.9,54.0,11948,7.26,7.2,4.62
36663,0.31,Ideal,D,VVS1,62.3,54.0,949,4.36,4.4,2.73
4466,0.7,Very Good,D,VVS2,62.3,56.0,3622,5.66,5.7,3.54
18776,1.02,Premium,F,VS1,62.7,55.0,7677,6.43,6.37,4.01
46398,0.54,Ideal,E,VS2,62.4,56.0,1765,5.23,5.19,3.25
34848,0.3,Ideal,G,VVS2,61.5,56.0,878,4.34,4.31,2.66
13753,1.0,Premium,F,VS2,59.9,60.0,5606,6.11,6.07,3.65
14775,1.01,Premium,G,VS2,61.8,59.0,5946,6.45,6.4,3.97
17681,1.01,Premium,F,VS1,62.4,61.0,7127,6.39,6.36,3.98
14527,1.01,Premium,G,VS2,62.1,59.0,5864,6.43,6.38,3.98
12103,1.13,Ideal,I,VS2,62.2,55.0,5165,6.69,6.67,4.15
29974,0.32,Ideal,D,SI1,60.9,55.0,715,4.45,4.48,2.72
3266,0.7,Ideal,D,VS2,61.4,55.0,3360,5.71,5.75,3.52
26010,1.52,Ideal,E,VS2,62.2,57.0,15239,7.34,7.38,4.58
11579,1.2,Premium,H,SI2,62.4,61.0,5040,6.81,6.78,4.24
17347,1.72,Very Good,F,I1,60.5,59.0,6962,7.71,7.8,4.69
32421,0.41,Premium,D,SI1,61.4,58.0,791,4.76,4.78,2.93
3228,0.72,Ideal,G,VVS2,62.0,55.0,3352,5.72,5.76,3.56
33878,0.3,Premium,E,VS2,60.4,58.0,844,4.34,4.3,2.61
19686,0.32,Very Good,H,VS1,58.9,63.0,624,4.46,4.4,2.61
35281,0.35,Premium,I,SI1,62.5,58.0,472,4.49,4.53,2.82
22035,0.31,Premium,H,VS2,61.9,58.0,628,4.39,4.37,2.71
23882,1.31,Ideal,G,VVS2,61.3,58.0,11975,7.03,7.07,4.32
48822,0.7,Very Good,I,SI1,61.4,57.0,2028,5.72,5.75,3.52
25752,1.52,Ideal,G,VS2,61.4,56.0,14692,7.39,7.47,4.56
49441,0.74,Premium,G,SI2,62.8,57.0,2109,5.77,5.73,3.61
2966,1.01,Premium,F,SI2,60.9,60.0,3297,6.45,6.42,3.91
14342,1.02,Ideal,E,SI1,61.9,55.0,5806,6.49,6.46,4.01
53234,0.77,Good,D,SI2,63.8,58.0,2642,5.78,5.81,3.7
21988,1.2,Premium,E,VS1,60.7,57.0,10053,6.89,6.81,4.16
13934,1.2,Premium,H,SI1,61.8,58.0,5669,6.8,6.72,4.18
12470,1.2,Very Good,G,SI2,62.5,57.0,5250,6.73,6.84,4.24
50977,0.31,Very Good,E,SI1,58.3,60.0,544,4.48,4.51,2.62
53380,0.73,Ideal,E,SI1,60.1,56.0,2661,5.91,5.87,3.54
43512,0.51,Good,D,SI1,63.3,57.0,1423,5.06,5.09,3.21
19487,1.01,Premium,G,IF,63.0,60.0,8120,6.35,6.31,3.99
18277,1.17,Ideal,G,VS2,62.0,57.0,7423,6.74,6.78,4.19
40669,0.44,Premium,G,VVS2,60.9,57.0,1155,4.93,4.89,2.99
11027,0.91,Very Good,F,VS2,62.1,58.0,4917,6.19,6.24,3.86
12848,1.22,Good,J,VS1,58.5,61.0,5356,6.94,7.0,4.08
28087,0.3,Very Good,D,SI1,63.1,56.0,662,4.28,4.24,2.69
24621,1.51,Premium,G,VS1,62.4,60.0,12948,7.34,7.3,4.57
5867,1.01,Premium,G,SI2,63.0,59.0,3923,6.38,6.32,4.0
50269,0.55,Very Good,E,VVS2,60.8,55.0,2238,5.26,5.33,3.22
30935,0.24,Very Good,H,VVS2,61.9,57.0,449,3.97,4.01,2.47
17568,1.16,Ideal,G,VS2,62.3,57.0,7074,6.66,6.72,4.17
26742,2.2,Ideal,H,SI2,60.0,58.0,16530,8.47,8.5,5.09
2970,0.78,Very Good,D,VS2,58.5,56.0,3298,6.08,6.12,3.57
36080,0.37,Very Good,E,VS1,60.2,56.0,925,4.68,4.71,2.83
49916,0.7,Premium,F,SI1,62.6,55.0,2184,5.65,4.5,3.0
46037,0.57,Ideal,E,SI1,62.1,56.0,1728,5.33,5.3,3.3
26447,2.02,Very Good,F,SI1,62.8,59.0,15987,7.9,7.98,4.99
25502,1.51,Premium,F,VS2,62.0,60.0,14294,7.35,7.23,4.52
37965,0.41,Very Good,D,VS2,62.8,55.0,1007,4.7,4.73,2.96
39213,0.4,Very Good,E,VVS2,62.8,58.0,1066,4.68,4.71,2.95
13921,1.2,Very Good,G,SI1,63.2,59.0,5665,6.77,6.74,4.27
13253,1.1,Premium,H,SI1,60.7,59.0,5476,6.72,6.7,4.07
12759,1.0,Premium,G,VS2,60.8,60.0,5322,6.39,6.33,3.87
2669,0.72,Very Good,F,VS2,61.6,58.0,3238,5.75,5.78,3.55
19719,1.5,Very Good,I,SI1,63.1,59.0,8291,7.16,7.23,4.54
30977,0.37,Ideal,F,VS2,60.6,56.0,746,4.63,4.64,2.81
15395,1.2,Very Good,I,VS1,62.4,56.0,6167,6.78,6.74,4.22
17378,0.34,Premium,H,SI1,62.1,59.0,612,4.5,4.46,2.78
12164,1.13,Very Good,H,SI2,62.0,58.0,5179,6.67,6.71,4.15
37881,0.4,Very Good,G,VS1,63.4,56.0,1005,4.72,4.68,2.98
13250,1.2,Very Good,I,SI1,62.6,57.0,5476,6.74,6.77,4.23
645,0.81,Very Good,F,SI2,63.2,58.0,2843,5.91,5.92,3.74
53655,0.76,Ideal,D,SI2,62.2,57.0,2706,5.85,5.83,3.63
42837,0.41,Ideal,F,VVS1,62.3,53.0,1356,4.8,4.77,2.98
27746,2.0,Very Good,H,SI1,62.8,57.0,18803,7.95,8.0,5.01
53493,0.75,Premium,F,SI1,61.5,58.0,2683,5.83,5.87,3.6
6182,0.97,Premium,F,SI2,61.9,58.0,3993,6.35,6.31,3.92
32826,0.34,Ideal,E,VS1,60.8,57.0,805,4.49,4.53,2.74
13823,1.23,Premium,I,VS1,61.6,58.0,5632,6.9,6.84,4.23
16214,1.01,Very Good,E,VS2,63.1,56.0,6480,6.34,6.4,4.02
29326,0.31,Very Good,H,VS1,63.1,57.0,698,4.34,4.31,2.73
40653,0.54,Premium,H,SI1,61.0,58.0,1154,5.23,5.27,3.2
12738,1.11,Ideal,H,SI1,60.2,54.0,5315,6.82,6.7,4.07
38101,0.36,Ideal,E,VS2,61.2,56.0,1013,4.62,4.6,2.82
28338,0.33,Premium,G,VS1,61.3,58.0,666,4.42,4.45,2.72
52586,0.79,Good,D,SI2,63.9,56.0,2539,5.89,5.84,3.75
17462,1.0,Very Good,E,VS1,61.2,57.0,7002,6.43,6.47,3.95
9878,0.9,Very Good,F,VS2,62.6,58.0,4681,6.08,6.13,3.82
41383,0.42,Ideal,F,VVS2,61.6,56.0,1221,4.85,4.83,2.98
25637,2.15,Ideal,I,SI2,61.7,55.0,14519,8.43,8.24,5.14
21057,0.31,Premium,F,VS2,61.8,59.0,625,4.31,4.33,2.67
53744,0.74,Premium,F,SI1,62.3,61.0,2723,5.8,5.76,3.6
3223,0.77,Very Good,D,VS2,63.0,58.0,3351,5.81,5.85,3.67
33474,0.32,Ideal,F,VS2,61.1,57.0,828,4.44,4.4,2.7
21946,1.21,Premium,F,VS1,62.6,59.0,10018,6.81,6.76,4.25
5733,0.8,Ideal,E,SI1,61.0,57.0,3890,6.0,6.03,3.67
4789,1.0,Fair,E,SI1,66.5,55.0,3696,6.21,6.19,4.12
8386,0.35,Good,F,SI1,63.6,54.0,583,4.51,4.52,2.87
16248,1.01,Premium,G,VS1,62.3,59.0,6499,6.38,6.42,3.99
25903,2.19,Premium,I,SI2,60.8,60.0,15032,8.34,8.38,5.08
29236,0.43,Ideal,G,SI2,62.3,53.0,696,4.84,4.86,3.02
41122,0.58,Ideal,J,VS2,62.8,57.0,1196,5.33,5.28,3.33
36384,0.38,Premium,D,SI1,58.9,61.0,941,4.79,4.75,2.81
3026,0.66,Very Good,E,VVS1,61.8,55.0,3309,5.6,5.66,3.48
23879,1.82,Very Good,G,SI2,61.3,58.0,11971,7.83,7.94,4.83
51775,0.72,Ideal,H,SI2,61.3,55.0,2410,5.78,5.81,3.55
48971,0.36,Ideal,G,SI1,62.7,55.0,537,4.54,4.59,2.86
9770,1.11,Ideal,H,SI2,62.7,57.0,4662,6.66,6.59,4.14
30597,0.31,Premium,D,VS2,60.7,59.0,734,4.35,4.38,2.65
35877,0.48,Ideal,F,SI2,61.0,57.0,918,5.05,5.08,3.09
15839,1.01,Very Good,E,VS2,63.1,60.0,6335,6.3,6.26,3.96
17038,1.55,Ideal,J,SI2,62.0,56.0,6805,7.42,7.38,4.59
24305,1.51,Ideal,G,VS2,62.1,54.0,12551,7.34,7.31,4.55
33052,0.3,Ideal,F,VVS1,61.9,54.0,814,4.35,4.37,2.7
39157,0.36,Ideal,F,IF,60.3,57.0,1063,4.61,4.65,2.79
36857,0.5,Good,D,SI2,58.5,64.0,958,5.2,5.12,3.02
50890,0.59,Very Good,H,IF,61.7,56.0,2317,5.42,5.48,3.36
34681,0.36,Ideal,E,VVS2,62.1,56.0,873,4.53,4.58,2.83
34496,0.32,Ideal,F,VVS1,61.7,55.0,867,4.42,4.46,2.74
21408,1.02,Ideal,F,VVS2,61.1,56.3,9521,6.48,6.52,3.97
26335,2.01,Ideal,G,SI2,62.8,56.0,15841,8.07,8.02,5.05
52328,0.73,Premium,I,VVS2,60.6,58.0,2496,5.78,5.84,3.52
13910,1.01,Ideal,F,VS2,61.0,56.0,5662,6.44,6.4,3.94
53567,0.7,Premium,E,VS1,62.7,60.0,2695,5.64,5.59,3.52
32074,0.36,Very Good,F,VS1,61.3,54.0,781,4.63,4.65,2.84
43573,0.41,Premium,E,VVS1,60.7,58.0,1431,4.86,4.8,2.93
53593,0.7,Good,H,VVS2,58.9,61.5,2699,5.77,5.84,3.42
53445,0.71,Premium,E,SI1,60.3,60.0,2674,5.77,5.74,3.47
49583,0.71,Very Good,F,SI2,59.2,60.0,2134,5.85,5.91,3.48
31862,0.3,Ideal,H,VVS2,61.5,56.0,776,4.35,4.33,2.67
4266,0.78,Ideal,H,VVS2,62.1,56.0,3581,5.88,5.9,3.66
45807,0.5,Ideal,F,VS1,62.5,57.0,1710,5.06,5.09,3.17
30965,0.37,Ideal,F,SI1,61.6,56.0,746,4.61,4.65,2.85
45536,0.51,Ideal,D,SI1,60.4,55.0,1687,5.48,5.18,3.16
9938,0.9,Very Good,D,SI1,62.4,61.0,4693,6.13,6.17,3.84
28533,0.33,Ideal,I,IF,61.7,55.0,675,4.45,4.49,2.76
213,0.71,Ideal,F,VS2,62.1,54.0,2780,5.68,5.72,3.54
3929,0.9,Ideal,J,VS1,62.4,56.0,3498,6.15,6.18,3.85
81,0.26,Very Good,E,VVS1,63.4,59.0,554,4.0,4.04,2.55
16101,1.0,Good,G,SI1,59.9,58.0,6437,6.44,6.48,3.87
45869,0.51,Ideal,D,VS2,61.4,57.0,1716,5.13,5.16,3.16
22494,2.0,Good,D,SI2,63.8,57.0,10528,7.93,7.88,5.04
4163,0.92,Premium,D,SI2,62.5,59.0,3550,6.24,6.2,3.89
51122,0.71,Very Good,H,SI2,62.2,55.1,2339,5.7,5.72,3.55
22582,1.57,Ideal,I,SI1,62.2,56.0,10633,7.42,7.47,4.63
7134,1.0,Ideal,I,SI1,62.7,56.0,4174,6.33,6.37,3.98
34703,0.31,Ideal,F,IF,62.2,56.0,874,4.31,4.34,2.69
14952,1.2,Premium,I,VS1,62.8,56.0,6021,6.8,6.74,4.25
20549,1.13,Premium,G,VVS1,59.3,59.0,8868,6.87,6.79,4.05
5955,1.0,Good,G,SI2,63.8,56.0,3949,6.23,6.31,4.0
43138,0.56,Ideal,H,VS2,60.9,57.0,1388,5.32,5.36,3.25
43521,0.59,Ideal,F,SI1,62.0,53.0,1424,5.38,5.43,3.35
1793,0.7,Very Good,D,VS2,62.5,55.0,3052,5.65,5.71,3.55
14805,1.32,Premium,H,VS1,61.3,58.0,5958,7.09,7.01,4.32
39028,0.43,Ideal,G,VVS2,60.1,57.0,1056,4.88,4.91,2.94
32167,0.41,Ideal,H,SI2,61.7,56.0,787,4.8,4.77,2.95
27230,1.71,Ideal,G,VS1,62.2,55.0,17595,7.72,7.65,4.78
14992,1.23,Very Good,H,VS2,58.5,62.0,6039,6.98,7.0,4.09
22809,2.0,Premium,G,SI2,60.7,60.0,10833,8.13,8.07,4.92
53516,0.8,Fair,H,VS2,65.3,58.0,2686,5.78,5.73,3.76
48666,0.75,Ideal,J,VS2,61.5,54.0,2001,5.87,5.9,3.62
23282,1.5,Very Good,H,VVS2,62.7,58.0,11303,7.21,7.24,4.53
2955,0.83,Very Good,E,SI1,63.8,54.0,3295,5.96,6.04,3.83
48287,0.53,Ideal,E,VS2,62.3,57.0,1956,5.23,5.19,3.25
18926,1.5,Very Good,H,SI2,61.3,59.0,7774,7.38,7.41,4.53
49737,0.48,Ideal,F,IF,62.1,55.0,2154,5.0,5.05,3.12
13713,0.37,Ideal,H,VS2,61.7,55.0,603,4.64,4.67,2.87
37794,0.38,Ideal,E,VS1,61.6,56.0,1000,4.62,4.66,2.86
46519,0.53,Ideal,H,VVS1,61.3,56.0,1781,5.22,5.24,3.21
24268,1.71,Very Good,H,VS2,58.8,60.0,12493,7.8,7.85,4.6
17650,1.28,Ideal,H,SI1,61.8,57.0,7109,7.02,6.97,4.32
17516,1.04,Ideal,G,VS2,61.3,57.0,7044,6.53,6.56,4.01
37201,0.33,Ideal,F,VVS2,60.9,56.0,974,4.47,4.5,2.73
8450,1.01,Premium,H,SI2,60.3,60.0,4412,6.49,6.45,3.9
51395,0.71,Premium,D,SI2,62.8,57.0,2368,5.69,5.64,3.56
52209,0.61,Very Good,D,VS1,60.9,56.0,2481,5.49,5.51,3.35
37188,0.32,Ideal,D,VVS1,61.8,56.0,973,4.4,4.37,2.71
45327,0.32,Good,E,SI1,63.4,56.0,524,4.31,4.34,2.74
19891,1.2,Premium,G,VS1,60.2,60.0,8442,6.82,6.87,4.12
7475,1.0,Premium,F,SI1,60.8,59.0,4234,6.45,6.41,3.91
7802,1.02,Very Good,G,SI2,62.9,59.0,4291,6.38,6.4,4.02
49362,0.73,Good,J,VS2,60.8,63.0,2098,5.67,5.78,3.48
50541,0.53,Ideal,F,VVS2,61.4,56.0,2275,5.19,5.23,3.2
27484,2.2,Ideal,G,SI2,62.0,57.0,18168,8.31,8.27,5.14
46928,0.52,Premium,G,VS1,62.4,59.0,1815,5.16,5.13,3.21
33944,0.31,Ideal,H,SI1,61.5,55.0,464,4.39,4.42,2.71
9852,1.74,Very Good,H,I1,63.2,55.0,4677,7.62,7.59,4.8
7500,0.79,Ideal,E,VS1,62.0,56.0,4240,5.9,5.93,3.67
38409,0.35,Ideal,G,VVS2,62.1,56.0,1024,4.51,4.47,2.79
48573,0.59,Very Good,E,VS1,61.6,61.0,1993,5.34,5.37,3.3
43444,0.5,Premium,E,SI1,60.2,58.0,1415,5.18,5.15,3.11
38140,0.3,Premium,G,VVS1,62.8,58.0,1013,4.3,4.27,2.69
11512,1.01,Good,G,SI1,63.2,59.0,5021,6.32,6.36,4.01
46895,0.56,Ideal,F,VS2,62.6,55.0,1814,5.29,5.25,3.3
2494,0.91,Ideal,F,SI2,61.7,55.0,3196,6.27,6.2,3.85
9786,1.01,Very Good,I,VS2,62.3,60.0,4666,6.33,6.41,3.97
8323,1.13,Very Good,J,SI1,62.9,57.7,4391,6.6,6.64,4.16
21454,1.52,Very Good,F,SI2,62.1,58.0,9552,7.26,7.34,4.53
2192,0.79,Very Good,E,SI1,63.3,56.3,3138,5.85,5.88,3.71
43000,0.55,Ideal,D,SI2,61.3,57.0,1368,5.28,5.23,3.22
3336,1.01,Ideal,F,I1,62.2,54.0,3377,6.42,6.44,4.0
39669,0.42,Ideal,G,VS2,61.7,57.0,1087,4.83,4.8,2.97
43266,0.3,Premium,I,SI1,61.4,58.0,506,4.33,4.3,2.65
44303,0.56,Very Good,D,SI1,63.9,56.0,1578,5.2,5.26,3.34
36813,0.3,Good,G,IF,63.8,55.0,956,4.28,4.24,2.72
22110,1.87,Ideal,J,SI1,62.3,57.0,10137,7.88,7.82,4.89
30324,0.36,Very Good,G,VS1,61.2,60.0,726,4.56,4.59,2.8
7822,1.0,Very Good,D,SI2,63.3,60.0,4295,6.29,6.19,3.95
4029,0.75,Ideal,G,VVS2,61.3,55.0,3525,5.85,5.89,3.59
51473,0.73,Very Good,H,SI1,62.6,58.0,2377,5.75,5.76,3.6
27478,2.01,Very Good,H,SI1,59.1,58.0,18149,8.29,8.36,4.92
40828,0.5,Very Good,G,SI1,60.8,63.0,1171,5.08,5.11,3.1
25439,1.68,Very Good,G,VS2,62.7,58.0,14192,7.51,7.54,4.72
14830,1.01,Premium,E,SI1,60.0,59.0,5973,6.53,6.47,3.9
51354,0.72,Premium,F,SI1,62.0,60.0,2364,5.74,5.77,3.57
30054,0.41,Premium,G,SI1,61.7,59.0,719,4.71,4.73,2.91
11348,1.01,Premium,F,SI1,61.8,59.0,4989,6.41,6.34,3.94
35559,0.35,Premium,G,VS1,61.7,61.0,906,4.52,4.49,2.78
33416,0.32,Premium,H,VVS2,60.2,60.0,828,4.48,4.45,2.69
22079,1.75,Very Good,I,SI2,61.2,57.0,10098,7.71,7.76,4.73
38997,0.52,Ideal,H,SI2,61.0,55.0,1054,5.19,5.23,3.18
52192,0.7,Fair,G,VS2,64.9,57.0,2479,5.55,5.54,3.6
5276,1.13,Ideal,H,SI2,60.4,56.0,3797,6.78,6.7,4.07
21132,1.22,Premium,E,VS2,62.2,55.0,9292,6.91,6.85,4.28
50234,0.7,Ideal,G,SI2,62.6,55.0,2232,5.66,5.69,3.55
41614,0.27,Very Good,H,VVS1,61.2,57.0,504,4.15,4.18,2.55
42918,0.53,Good,F,SI1,63.8,58.0,1363,5.17,5.12,3.28
28267,0.28,Very Good,H,SI1,61.5,56.0,360,4.21,4.24,2.6
12869,1.26,Ideal,I,SI2,62.0,56.0,5363,7.0,6.94,4.32
26061,2.03,Ideal,I,SI1,61.8,57.0,15272,8.07,8.14,5.01
42672,0.51,Fair,F,VS2,61.0,66.0,1334,5.12,5.04,3.1
26939,1.5,Very Good,E,VS1,59.5,61.0,16988,7.43,7.46,4.43
5749,0.76,Premium,D,VS1,60.6,58.0,3894,5.95,5.89,3.59
38356,0.33,Ideal,F,VVS1,61.9,56.0,1021,4.47,4.42,2.75
22396,1.52,Ideal,I,IF,62.2,57.0,10419,7.27,7.33,4.54
49947,0.63,Good,F,VS1,61.6,60.7,2188,5.46,5.52,3.38
41109,0.59,Ideal,F,SI2,61.7,54.0,1195,5.38,5.44,3.34
51131,0.58,Ideal,F,VVS2,62.0,55.0,2340,5.32,5.4,3.31
4507,0.91,Very Good,E,SI2,62.5,59.0,3632,6.16,6.23,3.87
17259,1.04,Premium,F,VS2,61.9,58.0,6908,6.55,6.51,4.04
37738,0.4,Ideal,G,VVS1,60.2,60.0,997,4.78,4.82,2.89
19320,1.2,Premium,G,VS2,62.3,56.0,8030,6.8,6.68,4.2
8529,1.0,Good,D,SI2,58.1,65.0,4427,6.54,6.48,3.78
8648,1.0,Premium,F,SI2,61.1,61.0,4452,6.38,6.35,3.89
33317,0.35,Premium,D,SI1,61.0,60.0,827,4.58,4.54,2.78
48125,0.54,Ideal,E,VS1,62.0,56.0,1939,5.17,5.25,3.23
26032,0.32,Ideal,G,VS1,61.3,57.0,645,4.37,4.4,2.69
26374,2.02,Very Good,H,SI2,59.9,55.0,15851,8.17,8.28,4.93
24469,1.7,Premium,I,VS1,59.8,59.0,12737,7.79,7.7,4.63
36289,0.34,Premium,I,VS2,61.8,58.0,477,4.48,4.51,2.78
14541,1.18,Good,D,SI2,59.7,61.0,5871,6.83,6.88,4.09
42593,0.5,Very Good,E,SI1,60.9,58.0,1331,5.1,5.14,3.12
15838,1.01,Premium,E,VS2,60.2,58.0,6335,6.56,6.52,3.94
32823,0.34,Ideal,D,VS2,62.0,55.0,805,4.45,4.48,2.77
50685,0.62,Good,D,VS2,58.9,64.0,2288,5.62,5.55,3.29
10676,1.12,Ideal,J,SI1,62.4,57.0,4840,6.65,6.6,4.14
53661,0.71,Fair,F,VS1,57.3,67.0,2707,5.96,5.76,3.36
26258,2.16,Ideal,J,VS1,61.4,59.0,15714,8.27,8.33,5.1
14882,1.82,Fair,H,I1,67.3,58.0,5993,7.5,7.47,5.04
49101,0.52,Very Good,F,VVS2,62.1,58.0,2064,5.12,5.16,3.19
18183,1.14,Ideal,G,VS2,62.0,55.0,7371,6.68,6.77,4.17
843,0.79,Premium,E,SI2,61.0,58.0,2868,5.96,5.9,3.62
9184,1.08,Ideal,G,SI2,62.2,56.0,4544,6.56,6.59,4.09
36370,0.4,Ideal,E,VS1,61.2,55.0,940,4.76,4.79,2.92
47383,0.54,Premium,G,VS1,61.1,59.0,1847,5.26,5.22,3.2
28218,0.4,Premium,D,SI2,62.1,60.0,666,4.69,4.75,2.93
50824,0.71,Good,F,SI1,63.7,58.0,2308,5.65,5.62,3.59
24033,0.4,Ideal,J,VS1,61.5,58.0,633,4.73,4.76,2.92
17881,1.18,Ideal,H,VS1,64.9,58.0,7216,6.57,6.53,4.25
10045,0.31,Premium,I,SI1,59.6,58.0,418,4.39,4.44,2.63
27323,2.01,Premium,H,SI1,61.1,60.0,17849,8.15,8.11,4.97
40284,0.34,Ideal,I,VS2,61.1,55.0,495,4.51,4.55,2.77
10446,1.01,Ideal,E,SI2,62.2,56.0,4788,6.42,6.45,4.0
16296,1.22,Ideal,F,SI2,62.5,56.0,6518,6.85,6.81,4.27
31736,0.31,Ideal,H,IF,62.0,56.0,772,4.36,4.39,2.71
4476,0.92,Premium,H,SI1,62.4,58.0,3624,6.19,6.22,3.87
36044,0.45,Fair,F,VS2,67.0,56.0,923,4.77,4.7,3.17
39176,0.35,Ideal,D,VS2,60.6,56.0,1063,4.57,4.54,2.76
4760,0.81,Very Good,F,VS1,62.7,56.0,3689,5.92,5.98,3.73
30732,0.33,Ideal,D,VS1,61.7,55.0,739,4.47,4.48,2.76
14075,1.03,Ideal,E,SI1,62.0,53.0,5710,6.5,6.47,4.02
12423,1.0,Ideal,F,SI1,62.0,55.0,5239,6.39,6.44,3.98
29691,0.31,Ideal,H,VVS1,62.2,54.0,707,4.36,4.39,2.72
5502,0.74,Ideal,F,VS1,61.7,56.0,3845,5.79,5.87,3.6
51026,0.71,Ideal,H,SI1,60.7,59.0,2328,5.75,5.81,3.51
24522,1.57,Ideal,H,VS2,61.5,54.0,12809,7.47,7.5,4.61
38695,0.37,Premium,E,VS2,59.5,59.0,1041,4.71,4.64,2.78
4061,0.32,Good,D,SI2,64.1,54.0,571,4.37,4.34,2.79
7781,0.9,Ideal,F,SI1,61.5,56.0,4284,6.25,6.2,3.83
51870,0.71,Very Good,F,SI1,62.8,59.0,2427,5.62,5.66,3.54
31717,0.33,Ideal,E,VS1,62.3,53.8,771,4.42,4.44,2.76
22649,1.54,Ideal,D,SI1,63.0,54.0,10694,7.33,7.28,4.6
22377,0.31,Very Good,H,VS2,63.1,57.0,628,4.32,4.27,2.71
42645,0.5,Premium,H,VS2,60.9,59.0,1332,5.14,5.11,3.12
52212,0.7,Very Good,H,VS1,62.6,57.0,2482,5.64,5.73,3.56
10821,1.1,Ideal,I,SI1,60.8,61.0,4868,6.63,6.7,4.05
37255,0.31,Ideal,F,VVS2,62.4,55.0,977,4.36,4.33,2.71
12758,1.2,Very Good,I,VS1,63.1,58.0,5322,6.7,6.62,4.2
36613,0.32,Premium,G,SI1,62.6,58.0,477,4.31,4.35,2.71
40008,0.41,Premium,F,VS2,62.8,58.0,1107,4.73,4.69,2.96
50386,0.52,Ideal,F,VVS1,61.9,55.0,2251,5.17,5.2,3.21
17572,1.06,Ideal,F,VS2,61.0,57.0,7075,6.57,6.6,4.02
32593,0.3,Ideal,F,VVS1,61.8,54.0,802,4.33,4.37,2.69
34746,0.41,Very Good,H,SI1,63.3,56.0,876,4.74,4.71,2.99
13727,0.27,Ideal,E,VS2,62.7,55.0,603,4.18,4.15,2.61
6269,1.04,Very Good,F,SI2,63.2,58.0,4013,6.39,6.34,4.02
46693,0.56,Ideal,E,VS1,62.3,57.0,1791,5.3,5.26,3.29
34720,0.37,Premium,D,SI1,62.7,58.0,874,4.58,4.55,2.86
45482,0.51,Ideal,D,VS2,62.2,58.0,1678,5.1,5.12,3.18
28824,0.41,Premium,D,SI2,62.3,58.0,683,4.74,4.77,2.96
35449,0.32,Ideal,E,VS2,62.1,55.0,900,4.4,4.36,2.72
23455,1.91,Ideal,J,SI1,60.7,56.0,11447,8.01,8.09,4.89
24910,1.51,Very Good,G,VS1,61.8,57.0,13348,7.31,7.42,4.55
23504,1.25,Ideal,G,IF,60.2,54.0,11511,6.99,7.03,4.22
45061,0.57,Very Good,G,VS2,63.3,56.0,1641,5.3,5.25,3.34
51451,0.55,Premium,F,VS2,62.7,58.0,2376,5.28,5.25,3.3
32120,0.34,Very Good,E,VS1,62.3,53.0,784,4.47,4.52,2.8
4574,0.92,Premium,G,SI2,58.4,58.0,3648,6.4,6.34,3.73
44668,0.32,Ideal,H,VS2,61.5,55.0,523,4.41,4.44,2.72
50940,0.63,Ideal,G,VS2,61.9,58.0,2320,5.48,5.51,3.4
41769,0.44,Very Good,E,VS1,62.2,58.0,1246,4.8,4.85,3.0
10269,1.01,Ideal,E,SI2,59.2,56.0,4751,6.63,6.59,3.91
25720,2.06,Premium,E,SI2,58.8,58.0,14634,8.42,8.35,4.93
50396,0.59,Very Good,D,VS1,62.6,58.0,2254,5.34,5.39,3.36
49055,0.61,Very Good,I,IF,60.2,57.0,2057,5.49,5.58,3.33
9267,0.92,Very Good,E,SI1,62.1,58.0,4562,6.15,6.22,3.84
10466,0.94,Good,D,SI1,63.6,56.0,4790,6.25,6.2,3.96
18343,1.7,Good,I,SI2,63.6,59.0,7464,7.62,7.52,4.8
20756,1.53,Premium,E,SI2,58.9,59.0,8996,7.63,7.55,4.47
50376,0.53,Ideal,E,VVS2,62.5,57.0,2250,5.12,5.18,3.22
51173,0.73,Premium,F,SI1,59.3,61.0,2346,5.85,5.82,3.46
19677,1.51,Ideal,G,SI1,61.6,56.0,8283,7.34,7.25,4.5
12513,1.01,Very Good,H,VS2,63.2,58.0,5260,6.34,6.26,3.98
43806,0.51,Very Good,G,VS2,63.4,55.0,1443,5.06,5.03,3.2
44845,0.52,Ideal,F,VS2,61.1,56.0,1625,5.19,5.23,3.18
4773,0.94,Very Good,D,SI2,60.9,62.0,3691,6.22,6.3,3.81
18577,1.23,Premium,H,VS1,61.1,58.0,7577,6.91,6.86,4.21
22604,1.35,Ideal,G,VS1,62.7,57.0,10656,7.02,7.07,4.42
13478,1.2,Ideal,J,VS1,61.3,56.0,5534,6.83,6.87,4.2
13621,1.04,Ideal,I,VS1,61.4,58.0,5572,6.46,6.54,3.99
19462,1.02,Ideal,G,VVS2,59.2,58.0,8107,6.56,6.62,3.9
40890,0.56,Fair,F,SI1,61.6,61.0,1176,5.38,5.21,3.26
7673,1.0,Good,I,SI1,58.0,58.0,4273,6.56,6.62,3.82
18248,1.01,Ideal,F,VS1,60.8,57.0,7412,6.54,6.52,3.97
48062,0.55,Ideal,D,VS2,62.3,55.0,1928,5.24,5.29,3.28
6779,0.91,Good,D,SI1,63.1,61.0,4113,6.1,6.16,3.87
26354,0.32,Very Good,G,VS1,62.8,59.0,645,4.33,4.37,2.73
23308,1.56,Premium,H,VS1,62.0,57.0,11345,7.48,7.43,4.62
5091,1.02,Premium,F,SI2,62.5,58.0,3754,6.47,6.4,4.02
15540,1.31,Ideal,H,SI2,62.3,56.0,6225,7.0,6.97,4.35
47188,0.57,Ideal,G,VS1,62.2,54.0,1837,5.31,5.33,3.31
25820,2.09,Ideal,I,SI2,63.0,57.0,14838,8.13,8.09,5.11
44626,0.57,Ideal,G,VS2,61.6,57.0,1608,5.32,5.36,3.29
43258,0.5,Ideal,G,VS2,61.6,55.0,1400,5.11,5.14,3.16
48370,0.71,Premium,G,SI2,62.4,59.0,1963,5.67,5.61,3.52
40106,0.33,Premium,G,VVS1,62.1,58.0,1114,4.43,4.4,2.74
49539,0.72,Fair,E,SI2,68.4,64.0,2125,5.38,5.32,3.66
43519,0.61,Ideal,F,SI2,61.3,55.0,1424,5.47,5.55,3.38
9562,1.1,Premium,E,SI2,60.9,60.0,4622,6.66,6.61,4.04
32011,0.31,Ideal,D,VVS2,61.9,55.0,777,4.36,4.39,2.71
915,0.7,Premium,F,VS1,60.4,60.0,2879,5.73,5.7,3.45
31143,0.38,Very Good,G,SI1,62.0,54.8,755,4.64,4.67,2.89
25293,1.51,Premium,F,VS2,62.9,61.0,13945,7.31,7.22,4.57
48330,0.34,Premium,H,SI2,58.6,62.0,536,4.62,4.6,2.7
51425,0.71,Fair,D,SI1,66.3,56.0,2372,5.61,5.49,3.68
25681,0.31,Ideal,F,VS1,61.5,54.0,642,4.36,4.39,2.69
8587,0.9,Very Good,D,SI1,60.9,57.0,4438,6.22,6.26,3.8
29350,0.31,Ideal,G,VS2,61.8,57.0,698,4.36,4.34,2.69
37264,0.32,Premium,J,SI1,63.0,58.0,480,4.35,4.32,2.73
42907,0.39,Premium,E,VVS1,60.7,58.0,1362,4.73,4.69,2.86
382,0.8,Good,G,SI1,62.7,57.0,2810,5.84,5.93,3.69
25892,2.02,Premium,G,SI2,63.0,59.0,15014,8.05,7.95,5.03
463,0.7,Premium,E,VS2,62.4,61.0,2818,5.66,5.63,3.52
10675,1.07,Ideal,H,SI2,62.4,55.0,4840,6.56,6.59,4.1
1843,0.71,Premium,E,VS2,62.0,61.0,3062,5.71,5.65,3.52
44286,0.52,Premium,H,VS1,61.4,57.0,1577,5.27,5.16,3.2
18738,1.34,Very Good,H,SI1,61.6,59.0,7655,7.04,7.09,4.35
46128,0.51,Ideal,F,VS1,62.5,55.0,1744,5.08,5.13,3.19
10154,1.1,Premium,D,SI2,62.4,58.0,4725,6.6,6.57,4.11
18484,1.5,Premium,I,SI2,62.5,61.0,7526,7.29,7.24,4.54
5978,1.12,Good,J,SI1,63.7,61.0,3951,6.54,6.5,4.15
11762,1.2,Premium,I,SI2,60.0,58.0,5080,6.93,6.91,4.15
42278,0.23,Very Good,F,VVS1,63.2,58.0,505,3.89,3.93,2.47
30166,0.4,Good,D,SI1,63.1,57.0,720,4.69,4.73,2.97
1794,0.77,Ideal,F,VS2,61.2,57.0,3052,5.93,5.97,3.64
39088,0.51,Good,H,SI2,56.7,60.0,1060,5.38,5.35,3.04
12928,1.01,Good,E,SI1,64.3,59.0,5379,6.23,6.28,4.02
269,0.76,Premium,H,VVS2,59.6,57.0,2792,5.91,5.86,3.51
28494,0.3,Ideal,E,VS2,61.5,55.0,673,4.3,4.34,2.66
46925,0.52,Premium,G,VS1,61.1,58.0,1815,5.19,5.16,3.16
17725,0.26,Very Good,E,VVS2,62.9,56.0,614,4.07,4.1,2.57
22802,1.51,Premium,I,VVS1,61.0,61.0,10824,7.47,7.34,4.52
38543,0.34,Ideal,D,VS2,61.3,57.0,1033,4.5,4.47,2.75
47783,0.7,Fair,J,VS2,67.4,58.0,1896,5.34,5.37,3.61
25012,2.05,Premium,J,VS2,62.3,60.0,13543,8.09,8.15,5.06
36551,0.4,Premium,E,SI1,60.1,59.0,945,4.82,4.76,2.88
10563,1.01,Good,F,SI1,61.6,63.0,4816,6.42,6.47,3.97
37897,0.41,Ideal,G,VVS2,61.8,56.0,1007,4.74,4.78,2.94
32839,0.46,Ideal,G,SI2,61.1,57.0,807,4.97,5.01,3.05
45186,0.51,Ideal,E,VS2,61.7,54.0,1656,5.13,5.18,3.18
39250,0.41,Ideal,G,VVS1,62.4,53.0,1068,4.79,4.8,2.99
31932,0.3,Ideal,F,VS2,60.7,56.0,776,4.34,4.32,2.63
32979,0.37,Ideal,F,VS1,61.1,57.0,811,4.61,4.65,2.83
20242,1.24,Good,G,VS2,61.3,57.0,8672,6.78,6.88,4.19
51500,0.7,Very Good,F,SI1,62.4,58.0,2382,5.64,5.7,3.54
16148,1.09,Very Good,G,VS1,59.7,63.0,6453,6.65,6.74,4.0
18353,1.01,Premium,G,VVS2,61.7,59.0,7466,6.44,6.37,3.95
48008,0.52,Ideal,D,VS2,61.9,57.0,1919,5.17,5.14,3.19
11439,1.03,Ideal,H,SI1,62.2,56.0,5005,6.45,6.51,4.03
32137,0.36,Ideal,F,VS2,60.5,57.0,786,4.61,4.65,2.8
4120,0.9,Very Good,G,SI2,62.4,55.0,3539,6.13,6.17,3.84
7744,1.24,Premium,E,SI2,60.8,57.0,4278,6.98,6.94,4.23
24759,1.5,Premium,G,VS2,60.5,59.0,13112,7.39,7.35,4.46
5429,0.94,Premium,E,SI2,60.4,59.0,3825,6.34,6.37,3.84
1006,0.79,Ideal,G,SI1,62.3,57.0,2898,5.9,5.85,3.66
48761,0.5,Ideal,F,VVS2,62.0,56.0,2016,5.08,5.05,3.14
8787,1.0,Ideal,H,SI1,61.4,55.0,4469,6.49,6.44,3.97
43593,0.31,Ideal,H,VS2,62.0,55.0,507,4.36,4.38,2.71
18125,1.44,Fair,H,VS1,58.1,69.0,7338,7.49,7.34,4.32
18122,1.23,Ideal,E,SI2,62.1,55.0,7336,6.91,6.84,4.27
14515,1.14,Ideal,I,VS1,61.7,53.0,5863,6.75,6.77,4.17
52881,0.54,Ideal,D,VVS2,61.6,54.0,2583,5.25,5.27,3.24
730,0.32,Good,E,VS2,64.1,54.0,556,4.34,4.37,2.79
24386,0.41,Good,E,SI2,63.5,55.0,638,4.69,4.73,2.99
25411,2.04,Ideal,J,SI1,61.7,57.0,14130,8.11,8.17,5.02
18747,1.52,Ideal,I,SI2,60.2,57.0,7661,7.47,7.38,4.47
3185,1.02,Good,I,SI2,57.1,62.0,3342,6.66,6.58,3.78
40354,0.43,Ideal,G,VVS2,61.4,55.0,1129,4.88,4.83,2.98
9633,0.92,Premium,E,SI1,61.7,57.0,4637,6.32,6.2,3.86
3132,0.73,Ideal,E,VS1,62.8,57.0,3327,5.75,5.78,3.62
46317,0.3,Good,E,SI1,63.1,53.0,526,4.27,4.32,2.71
1040,0.74,Very Good,D,VS2,62.4,57.0,2906,5.74,5.8,3.6
13364,0.24,Very Good,F,VS2,61.9,59.0,419,3.98,4.0,2.47
3662,0.82,Very Good,I,VVS1,62.8,58.0,3443,5.95,5.99,3.75
53403,0.71,Ideal,F,SI2,61.8,57.0,2667,5.69,5.72,3.53
45044,0.53,Ideal,F,SI1,61.5,56.0,1639,5.2,5.24,3.21
12145,1.2,Ideal,I,SI1,62.2,56.0,5174,6.75,6.73,4.19
25581,1.52,Premium,G,VS1,61.9,58.0,14424,7.38,7.35,4.56
26992,2.05,Premium,E,SI2,59.7,59.0,17081,8.27,8.39,4.97
39724,0.5,Good,E,SI1,63.7,59.0,1090,5.07,5.01,3.21
42376,0.43,Ideal,H,IF,62.2,55.0,1304,4.87,4.84,3.02
44126,0.5,Premium,E,VS2,62.6,58.0,1559,5.07,5.12,3.19
16452,1.2,Ideal,H,SI1,62.2,58.0,6569,6.81,6.77,4.22
50442,0.7,Very Good,E,SI2,62.6,55.0,2263,5.62,5.69,3.54
48679,0.51,Ideal,G,VVS1,62.6,57.0,2005,5.08,5.14,3.2
50406,0.73,Premium,E,SI2,62.2,55.0,2256,5.81,5.71,3.58
46011,0.52,Ideal,E,VS1,61.3,56.0,1726,5.18,5.22,3.19
11616,1.08,Ideal,H,SI2,61.4,57.0,5049,6.6,6.66,4.07
53164,0.84,Premium,H,SI2,61.3,58.0,2628,6.1,6.04,3.72
34697,0.3,Ideal,F,IF,60.9,57.0,873,4.35,4.38,2.66
5735,0.92,Good,D,SI2,63.3,59.0,3891,6.12,6.18,3.89
53787,0.73,Premium,F,SI1,62.2,56.0,2728,5.79,5.73,3.58
31519,0.34,Premium,E,SI1,60.7,60.0,765,4.51,4.48,2.73
6926,0.91,Premium,E,SI1,62.6,58.0,4138,6.17,6.14,3.85
2758,0.9,Fair,G,SI1,65.2,59.0,3250,6.05,6.01,3.93
19940,1.66,Premium,J,SI1,60.7,58.0,8487,7.72,7.63,4.66
7639,1.06,Ideal,H,SI2,60.6,59.0,4267,6.63,6.6,4.01
35601,0.31,Ideal,H,VVS1,61.6,55.0,907,4.38,4.35,2.69
36058,0.31,Very Good,G,IF,61.7,54.0,924,4.33,4.36,2.68
47388,0.54,Ideal,E,VS2,61.9,55.0,1847,5.24,5.2,3.23
50933,0.71,Ideal,I,SI1,61.0,56.0,2319,5.75,5.78,3.52
31179,0.32,Good,E,VS1,60.3,64.0,756,4.42,4.44,2.67
28172,0.36,Good,H,SI1,63.6,57.0,665,4.53,4.49,2.87
1170,0.9,Premium,H,SI2,59.5,60.0,2927,6.32,6.29,3.75
430,0.76,Premium,E,SI1,62.2,59.0,2814,5.86,5.81,3.63
52614,0.57,Ideal,D,VS2,61.3,56.0,2546,5.35,5.42,3.3
4305,1.01,Very Good,H,SI2,63.4,57.0,3592,6.39,6.32,4.03
32510,0.4,Good,E,SI2,64.2,57.0,798,4.7,4.68,3.01
13371,0.24,Very Good,D,VS1,61.4,58.0,419,3.99,4.02,2.46
34978,0.25,Ideal,H,VS2,61.0,55.0,472,4.11,4.09,2.5
44032,0.5,Very Good,E,VS2,61.8,57.0,1547,5.05,5.11,3.14
544,0.72,Premium,F,VS1,62.2,58.0,2829,5.75,5.7,3.56
18425,1.0,Good,G,VVS2,60.9,56.0,7492,6.49,6.52,3.96
39449,0.5,Good,E,SI2,63.3,56.0,1077,5.05,5.09,3.21
23337,1.04,Premium,E,VVS1,60.9,58.0,11382,6.61,6.53,4.0
411,0.34,Ideal,I,VS1,61.8,55.0,555,4.48,4.52,2.78
40888,0.56,Premium,G,SI1,61.7,58.0,1176,5.31,5.29,3.27
45473,0.5,Ideal,E,VS2,62.3,57.0,1676,5.08,5.04,3.15
28003,0.3,Premium,E,VS2,61.6,58.0,658,4.31,4.33,2.66
23336,1.58,Premium,G,VS1,60.8,58.0,11380,7.58,7.52,4.59
16275,1.02,Ideal,F,VS2,62.9,57.0,6509,6.42,6.33,4.01
6194,0.9,Very Good,D,SI1,62.4,63.0,3997,6.18,6.15,3.85
30815,0.39,Good,G,VS2,60.3,60.6,743,4.7,4.71,2.84
813,0.71,Premium,D,SI1,60.6,58.0,2863,5.79,5.77,3.5
19141,1.12,Premium,F,VS1,61.2,58.0,7903,6.72,6.68,4.1
32520,0.35,Ideal,G,VVS2,61.0,57.0,798,4.54,4.58,2.78
41098,0.58,Ideal,I,SI1,61.4,55.0,1193,5.37,5.42,3.31
20965,1.01,Very Good,F,VVS1,63.2,56.0,9176,6.39,6.33,4.02
29669,0.35,Very Good,G,VS1,60.7,61.0,706,4.54,4.58,2.77
45567,0.52,Ideal,E,VS2,59.5,57.0,1689,5.25,5.27,3.13
12396,1.13,Ideal,F,SI2,61.8,57.0,5232,6.71,6.68,4.14
2680,0.77,Very Good,G,VS1,62.3,58.0,3240,5.82,5.86,3.64
38337,0.51,Premium,J,SI1,62.6,59.0,1020,5.1,5.06,3.18
20238,1.5,Premium,H,SI1,61.6,58.0,8669,7.33,7.38,4.53
28586,0.3,Good,G,VS2,63.9,55.0,675,4.28,4.27,2.73
21993,1.07,Ideal,F,VVS2,62.3,57.0,10061,6.56,6.58,4.09
18862,1.17,Premium,G,SI1,62.6,55.0,7731,6.75,6.7,4.21
6955,1.0,Premium,H,SI1,61.7,59.0,4144,6.41,6.36,3.94
32479,0.35,Ideal,F,VVS2,61.6,58.0,795,4.5,4.53,2.78
51392,0.71,Fair,D,VS2,55.6,73.0,2368,6.01,5.96,3.33
43588,0.56,Premium,H,VS2,62.2,60.0,1432,5.28,5.23,3.27
46973,0.38,Good,I,SI1,63.7,57.0,529,4.63,4.57,2.93
39919,0.41,Ideal,D,VS1,62.4,56.0,1105,4.75,4.8,2.98
25043,0.3,Good,F,SI1,63.6,55.0,641,4.33,4.28,2.74
3699,0.9,Very Good,E,SI2,64.2,54.0,3449,6.08,6.11,3.91
46466,0.7,Premium,J,VS2,62.0,62.0,1775,5.63,5.59,3.48
431,0.76,Ideal,E,SI1,61.7,57.0,2814,5.88,5.85,3.62
26782,2.06,Ideal,I,SI1,61.9,56.0,16626,8.17,8.19,5.06
33037,0.32,Ideal,G,VVS1,61.6,55.0,814,4.43,4.47,2.74
18608,1.54,Premium,J,SI1,61.2,59.0,7589,7.45,7.41,4.55
26835,2.01,Good,E,SI2,60.0,64.0,16733,8.17,8.09,4.88
12355,1.24,Very Good,H,SI2,61.0,59.0,5231,6.93,7.0,4.25
34828,0.3,Ideal,H,VVS1,63.0,54.0,878,4.3,4.27,2.7
39733,0.53,Very Good,G,SI2,60.9,55.0,1092,5.26,5.29,3.21
4041,1.24,Premium,E,I1,61.1,62.0,3528,6.91,6.86,4.21
42342,0.41,Good,E,VVS1,64.1,55.0,1298,4.71,4.68,3.01
13610,1.02,Premium,H,VS1,62.1,59.0,5569,6.43,6.38,3.98
15400,1.06,Very Good,E,SI1,59.8,56.0,6169,6.63,6.67,3.98
33230,0.33,Ideal,D,VS2,61.1,56.0,822,4.5,4.54,2.76
20760,1.07,Ideal,E,VS1,60.0,58.0,8998,6.66,6.7,4.01
53808,0.72,Very Good,G,VS2,63.1,57.0,2732,5.74,5.71,3.61
20789,1.52,Premium,E,SI2,60.8,60.0,9028,7.36,7.42,4.49
50854,0.7,Very Good,F,SI1,60.3,59.0,2312,5.73,5.78,3.47
36917,0.41,Premium,G,VS1,60.2,59.0,961,4.84,4.79,2.9
46638,0.3,Good,E,SI1,63.7,58.0,526,4.24,4.27,2.71
32791,0.33,Ideal,F,VS2,61.1,56.0,804,4.47,4.5,2.74
42690,0.5,Ideal,E,SI1,60.6,59.0,1337,5.13,5.16,3.12
12185,1.21,Premium,G,SI2,59.1,55.0,5184,7.04,6.98,4.14
33793,0.4,Premium,I,VVS1,62.7,59.0,842,4.67,4.71,2.94
27509,2.19,Premium,E,SI2,62.4,61.0,18232,8.31,8.23,5.16
50618,0.31,Ideal,J,VS2,61.8,54.1,400,4.35,4.38,2.7
10152,1.1,Premium,I,SI1,61.2,61.0,4725,6.66,6.61,4.01
24466,1.3,Ideal,F,VVS2,62.4,57.0,12734,6.97,6.9,4.33
51381,0.7,Premium,H,VS1,61.9,56.0,2367,5.7,5.67,3.52
38854,0.4,Ideal,G,VVS2,62.4,56.0,1050,4.68,4.64,2.91
40622,0.41,Premium,E,VS1,60.8,59.0,1153,4.82,4.76,2.91
27989,0.3,Very Good,E,VS2,61.8,58.0,658,4.26,4.28,2.64
45341,0.7,Premium,F,SI2,59.5,61.0,1662,5.78,5.68,3.41
29629,0.35,Premium,H,SI2,61.6,58.0,441,4.49,4.54,2.78
42973,0.41,Ideal,E,VVS1,61.7,56.0,1367,4.78,4.82,2.96
17980,1.07,Ideal,H,VVS1,61.7,56.0,7273,6.56,6.68,4.06
14812,1.04,Very Good,G,VS2,61.3,58.0,5964,6.45,6.53,3.98
21019,1.01,Premium,F,VVS2,60.4,59.0,9231,6.49,6.45,3.91
21004,1.51,Good,H,SI1,61.8,61.0,9218,7.25,7.32,4.5
35716,0.3,Ideal,D,VS2,60.8,57.0,911,4.34,4.31,2.63
21491,1.5,Ideal,I,VS2,62.6,57.0,9586,7.26,7.31,4.56
28609,0.3,Premium,E,SI1,61.7,56.0,675,4.29,4.27,2.64
50782,0.52,Premium,E,VVS1,59.8,58.0,2302,5.27,5.24,3.14
49641,0.32,Ideal,G,SI2,62.5,57.0,540,4.38,4.35,2.73
19663,1.51,Good,J,VS1,61.5,59.0,8271,7.26,7.31,4.48
50360,0.72,Premium,G,SI1,60.6,62.0,2246,5.81,5.77,3.51
32391,0.4,Very Good,E,VS2,60.4,63.0,791,4.68,4.72,2.84
17938,1.61,Premium,J,SI2,62.2,59.0,7245,7.52,7.47,4.66
52334,0.7,Premium,E,VS2,61.1,58.0,2496,5.78,5.7,3.51
15869,1.21,Ideal,H,SI2,62.1,58.0,6347,6.78,6.84,4.23
35049,0.42,Ideal,I,VVS1,62.4,57.0,884,4.79,4.83,3.0
8467,1.03,Good,F,SI2,59.0,59.0,4414,6.55,6.6,3.88
9368,0.32,Good,D,SI1,63.7,55.0,589,4.35,4.38,2.78
15424,1.01,Good,D,VS2,64.0,58.0,6176,6.3,6.24,4.01
33446,0.32,Premium,G,VS1,61.7,58.0,828,4.41,4.38,2.71
22086,1.59,Very Good,I,VS2,60.5,63.0,10106,7.52,7.45,4.53
41496,0.41,Very Good,E,VVS2,59.9,60.0,1233,4.8,4.82,2.88
43245,0.42,Ideal,E,VVS1,62.0,56.0,1400,4.78,4.84,2.98
32642,0.31,Ideal,H,VVS2,62.5,55.0,802,4.37,4.34,2.72
38849,0.4,Ideal,I,IF,62.2,56.0,1050,4.75,4.71,2.94
30920,0.34,Ideal,E,VS2,62.6,55.0,745,4.43,4.45,2.78
53746,1.0,Fair,G,I1,61.7,57.0,2723,6.39,6.28,3.91
3420,0.36,Premium,H,VS2,60.9,59.0,568,4.58,4.62,2.8
32953,0.35,Very Good,F,SI2,62.8,55.0,460,4.48,4.53,2.83
891,0.7,Premium,G,VVS2,61.8,58.0,2874,5.67,5.63,3.49
9063,1.2,Ideal,J,SI2,62.5,57.0,4516,6.8,6.74,4.23
41998,0.43,Ideal,D,VS1,61.9,55.0,1264,4.87,4.85,3.01
44612,0.53,Ideal,E,SI1,61.8,56.0,1607,5.21,5.17,3.21
30508,0.31,Ideal,D,SI1,63.0,55.0,732,4.34,4.32,2.73
24340,2.01,Ideal,I,SI1,62.9,55.0,12606,8.07,8.0,5.05
10854,1.03,Ideal,G,SI2,61.8,55.0,4873,6.5,6.52,4.02
30471,0.31,Very Good,D,SI1,63.5,57.0,732,4.32,4.28,2.73
40896,0.44,Ideal,H,IF,61.9,54.0,1177,4.9,4.95,3.05
23522,1.58,Ideal,I,VVS1,61.7,53.0,11526,7.52,7.53,4.65
47200,0.5,Ideal,G,VVS2,61.2,56.0,1838,5.1,5.13,3.13
43351,0.5,Very Good,E,VS2,61.3,62.0,1407,5.05,5.1,3.11
5170,0.9,Very Good,H,SI1,61.7,57.0,3772,6.21,6.26,3.85
23792,2.08,Premium,H,SI2,60.0,60.0,11851,8.31,8.28,4.98
10714,0.31,Premium,D,SI2,60.1,60.0,593,4.41,4.38,2.64
52619,0.7,Very Good,H,SI1,61.1,56.0,2548,5.72,5.76,3.51
18398,1.03,Ideal,E,VS1,59.5,57.0,7477,6.6,6.62,3.93
226,0.72,Premium,D,SI1,62.7,59.0,2782,5.73,5.69,3.58
51054,0.7,Premium,H,SI1,62.8,57.0,2331,5.66,5.61,3.54
46708,0.7,Very Good,F,SI2,63.2,59.0,1792,5.66,5.61,3.56
5229,1.02,Ideal,I,SI2,60.7,57.0,3786,6.54,6.57,3.98
1813,0.78,Very Good,E,SI1,60.9,57.0,3055,5.93,5.97,3.62
9264,1.01,Fair,F,SI1,65.9,60.0,4561,6.25,6.17,4.09
14412,1.23,Ideal,I,SI2,61.8,55.0,5820,6.87,6.91,4.26
18949,1.01,Ideal,D,VS2,62.7,57.0,7792,6.39,6.36,4.0
24415,2.23,Very Good,J,SI2,60.5,61.0,12655,8.4,8.47,5.1
35723,0.3,Ideal,D,VS2,61.8,55.0,911,4.34,4.3,2.67
16541,0.63,Ideal,D,IF,62.5,55.0,6607,5.5,5.47,3.43
30183,0.34,Ideal,H,VVS1,62.3,54.0,722,4.46,4.5,2.79
46193,0.52,Premium,D,VS2,62.4,58.0,1749,5.09,5.13,3.19
17279,1.29,Ideal,J,VVS1,61.2,56.0,6918,7.01,7.05,4.3
7707,1.04,Premium,G,SI2,60.9,58.0,4277,6.58,6.52,3.99
11842,1.01,Ideal,I,VS2,62.0,54.0,5099,6.43,6.47,4.0
17055,0.4,Ideal,J,SI1,61.6,56.0,612,4.72,4.77,2.93
25449,1.5,Premium,F,VS2,61.1,58.0,14199,7.36,7.33,4.49
39297,0.3,Ideal,H,VS2,62.3,57.0,491,4.27,4.3,2.67
53715,0.76,Ideal,F,SI1,62.6,57.0,2719,5.84,5.89,3.67
3862,0.72,Ideal,G,VS1,61.0,55.0,3478,5.81,5.83,3.55
6979,1.08,Very Good,J,SI2,62.5,60.0,4152,6.51,6.57,4.09
41336,0.48,Fair,E,VS2,64.9,54.0,1215,4.94,4.92,3.2
41051,0.5,Fair,E,VS2,65.0,58.0,1188,4.96,4.92,3.21
26588,2.01,Good,I,VS2,62.4,62.0,16304,7.91,7.99,4.96
2900,0.92,Premium,F,SI2,58.9,59.0,3282,6.38,6.35,3.75
51875,0.71,Very Good,H,VS1,62.8,59.0,2428,5.61,5.7,3.55
6130,1.17,Premium,F,I1,62.2,58.0,3984,6.76,6.72,4.19
33648,0.32,Very Good,F,VVS1,62.8,60.0,834,4.32,4.34,2.72
36248,0.41,Ideal,E,VS2,62.4,54.0,935,4.76,4.79,2.98
48513,0.6,Very Good,D,VS2,61.5,59.0,1984,5.4,5.43,3.33
46661,0.51,Ideal,D,VS2,61.9,55.0,1787,5.11,5.13,3.17
39417,0.41,Premium,F,VS1,61.2,57.0,1076,4.8,4.77,2.93
25810,2.01,Very Good,E,SI2,61.2,58.0,14813,8.05,8.07,4.93
9533,1.17,Ideal,J,SI1,62.1,57.0,4617,6.74,6.81,4.21
39309,0.7,Fair,G,I1,62.5,59.0,1069,5.65,5.48,3.48
16410,1.0,Good,F,VS1,57.8,59.0,6552,6.57,6.59,3.8
8742,0.9,Good,E,SI1,63.9,55.0,4463,6.08,6.13,3.9
24736,1.72,Premium,H,SI1,62.9,58.0,13078,7.63,7.59,4.79
21817,1.31,Ideal,G,VS1,62.2,56.0,9891,7.01,7.05,4.37
18522,1.6,Premium,J,SI1,62.2,58.0,7550,7.48,7.54,4.67
10277,1.0,Very Good,D,SI2,62.8,58.0,4753,6.33,6.37,3.99
35709,0.3,Premium,D,VS2,60.7,60.0,911,4.37,4.33,2.64
26487,2.16,Very Good,I,VS2,58.6,60.0,16080,8.48,8.55,4.99
21635,1.02,Very Good,F,VVS2,63.7,59.0,9728,6.34,6.38,4.05
16345,1.29,Very Good,I,VS2,61.8,58.0,6537,6.94,6.98,4.3
19773,1.51,Ideal,I,SI1,61.1,59.0,8342,7.4,7.37,4.51
20377,0.31,Ideal,H,VVS2,62.4,57.0,625,4.32,4.36,2.71
33251,0.45,Ideal,I,VS1,61.9,54.0,825,4.95,4.97,3.07
20769,1.2,Very Good,F,VS2,61.8,58.0,9007,6.75,6.78,4.18
25066,2.01,Good,I,SI1,64.1,62.0,13587,7.94,7.85,5.06
30644,0.42,Good,D,SI1,63.3,58.0,735,4.73,4.75,3.0
17396,0.32,Ideal,D,SI2,62.4,54.0,612,4.4,4.38,2.74
38937,0.4,Very Good,E,VS1,61.8,56.0,1053,4.74,4.77,2.94
16791,1.21,Ideal,I,VS1,61.5,58.0,6691,6.84,6.88,4.22
24713,0.3,Very Good,E,VS2,61.5,58.0,640,4.28,4.31,2.64
23585,1.24,Ideal,G,VVS2,61.1,56.0,11601,6.94,6.97,4.25
35208,0.33,Ideal,I,IF,61.6,55.0,891,4.47,4.46,2.75
15807,1.0,Ideal,E,SI1,62.4,55.0,6324,6.34,6.42,3.98
45885,0.58,Ideal,G,VS2,61.1,56.0,1719,5.4,5.43,3.31
22682,0.38,Ideal,J,VVS2,62.0,55.0,629,4.67,4.69,2.9
21430,1.18,Premium,G,VVS2,59.7,58.0,9537,6.94,6.9,4.13
35108,0.3,Ideal,F,IF,62.6,57.0,886,4.25,4.28,2.67
28663,0.31,Ideal,G,VVS2,62.5,53.0,677,4.37,4.4,2.74
27807,0.3,Ideal,G,VVS2,61.9,57.0,650,4.3,4.33,2.66
18624,1.28,Ideal,G,SI1,62.2,56.0,7598,6.96,6.9,4.31
12148,1.0,Good,D,VS2,62.1,64.0,5174,6.38,6.35,3.95
41503,0.58,Ideal,E,SI2,62.7,56.0,1234,5.29,5.34,3.33
25549,1.51,Ideal,G,VS1,60.6,57.0,14375,7.38,7.48,4.5
47953,0.71,Premium,I,SI2,60.3,58.0,1917,5.78,5.72,3.47
34668,0.31,Premium,E,VS2,62.7,58.0,872,4.33,4.31,2.71
48637,0.37,Ideal,I,VS2,61.5,56.0,537,4.6,4.63,2.84
5196,0.73,Ideal,G,VVS2,62.4,57.0,3777,5.71,5.79,3.59
31255,0.4,Ideal,J,IF,62.5,56.0,758,4.7,4.74,2.95
36120,0.33,Premium,G,VVS2,61.3,59.0,927,4.45,4.42,2.72
28561,0.3,Very Good,H,VS1,63.3,56.0,675,4.3,4.26,2.71
1478,0.75,Ideal,E,SI1,62.2,57.0,2985,5.82,5.86,3.63
28639,0.33,Very Good,G,SI2,59.4,59.0,434,4.5,4.52,2.68
39982,0.41,Premium,I,VVS1,61.5,59.0,1107,4.81,4.75,2.94
21212,1.29,Premium,G,VS1,62.4,58.0,9354,6.89,6.86,4.29
3542,1.01,Premium,I,SI2,61.6,59.0,3411,6.4,6.35,3.93
42130,0.58,Ideal,F,SI2,61.8,56.0,1279,5.42,5.39,3.34
53729,0.82,Premium,H,SI1,59.9,57.0,2721,6.11,6.07,3.65
22519,1.31,Ideal,G,VS1,62.0,53.0,10556,7.06,7.07,4.37
37287,0.24,Very Good,E,VVS2,64.4,53.0,485,3.92,3.94,2.53
5755,0.93,Good,F,SI2,63.4,54.0,3896,6.19,6.24,3.94
6528,0.9,Very Good,D,SI1,62.5,63.0,4068,6.11,6.14,3.83
33014,0.3,Very Good,F,VVS1,62.6,56.0,814,4.27,4.29,2.68
50330,0.65,Good,G,VS1,60.0,60.4,2241,5.6,5.7,3.39
40744,0.53,Ideal,I,VS2,62.2,56.0,1163,5.15,5.2,3.22
34116,0.31,Ideal,E,VVS1,61.5,56.0,853,4.34,4.37,2.68
53758,0.72,Fair,F,VS2,55.4,64.0,2724,6.06,5.97,3.34
5370,0.9,Very Good,D,SI2,63.2,57.0,3818,6.08,6.1,3.85
23348,0.3,Ideal,G,SI2,62.0,55.0,422,4.28,4.33,2.67
19398,1.02,Ideal,F,VS1,61.5,56.0,8061,6.5,6.47,3.99
2609,0.75,Very Good,F,VS1,60.9,59.0,3220,5.83,5.87,3.56
16177,1.03,Ideal,F,VS2,60.4,56.0,6467,6.59,6.56,3.97
2550,1.01,Ideal,J,SI1,62.1,54.0,3207,6.48,6.4,4.0
46348,0.9,Fair,H,I1,66.9,63.0,1758,6.04,5.91,4.0
44521,0.51,Very Good,F,VS2,62.0,58.0,1601,5.08,5.11,3.16
42361,0.61,Premium,F,SI2,60.9,58.0,1303,5.44,5.52,3.34
33779,0.32,Ideal,D,VS2,61.8,55.0,842,4.43,4.41,2.73
33367,0.41,Ideal,G,VS2,61.4,55.0,827,4.75,4.8,2.93
32571,0.38,Ideal,F,VS2,62.1,57.0,800,4.61,4.67,2.88
40070,0.43,Premium,G,VS2,62.3,58.0,1113,4.85,4.81,3.01
22833,1.51,Premium,F,SI1,62.3,61.0,10866,7.29,7.22,4.52
26436,2.21,Premium,G,SI2,60.7,62.0,15970,8.48,8.42,5.13
6312,1.13,Good,F,SI2,64.0,58.0,4025,6.58,6.52,4.19
45496,0.5,Ideal,F,VS1,62.5,52.4,1679,5.07,5.11,3.18
42197,0.58,Good,G,VS2,63.2,58.0,1287,5.36,5.28,3.36
4801,0.9,Fair,H,VS2,64.7,58.0,3697,5.98,6.01,3.88
27551,2.5,Good,J,VS2,62.0,58.0,18325,8.63,8.6,5.34
37650,0.41,Very Good,D,VS1,63.4,56.0,991,4.7,4.76,3.0
6323,1.0,Good,H,VS2,63.8,59.0,4028,6.28,6.26,4.0
19790,1.0,Good,E,VVS1,63.4,59.0,8359,6.27,6.24,4.0
24868,2.02,Good,I,SI1,64.3,56.0,13286,7.85,7.99,5.09
27601,2.03,Ideal,F,SI2,63.3,55.0,18458,7.96,8.05,5.08
10147,1.0,Premium,H,SI1,62.7,58.0,4724,6.41,6.32,3.99
16731,0.23,Very Good,D,VS1,61.5,58.0,611,3.93,3.98,2.43
24841,2.33,Good,G,SI2,63.9,60.0,13242,8.37,8.3,5.32
24382,0.32,Premium,F,SI1,60.7,62.0,638,4.43,4.4,2.68
24922,1.53,Very Good,H,IF,63.1,57.0,13369,7.34,7.25,4.6
18710,0.27,Very Good,E,VVS2,61.7,58.0,620,4.12,4.15,2.55
8614,1.01,Ideal,J,VS2,62.2,54.0,4443,6.41,6.47,4.01
47177,0.51,Ideal,F,VS1,61.9,56.0,1836,5.17,5.11,3.18
34136,0.32,Ideal,F,VVS1,61.6,55.0,854,4.4,4.43,2.72
20490,1.01,Premium,D,VS1,61.6,58.0,8823,6.44,6.42,3.96
51679,0.72,Ideal,H,SI1,58.9,56.0,2398,5.91,5.88,3.47
21455,1.04,Ideal,E,VVS2,62.0,58.0,9552,6.54,6.46,4.03
3246,0.81,Ideal,I,VS2,61.4,55.0,3355,6.03,6.06,3.71
38238,0.41,Very Good,D,VS1,61.7,58.0,1018,4.76,4.8,2.95
50008,0.83,Good,J,SI1,63.8,58.0,2195,5.95,5.97,3.8
33134,0.31,Ideal,G,VVS1,61.9,55.0,816,4.3,4.36,2.68
48059,0.55,Premium,D,VS2,61.3,60.0,1928,5.28,5.29,3.24
17820,1.35,Fair,I,VS2,61.6,62.0,7182,7.15,7.1,4.39
53874,0.8,Very Good,F,SI1,61.6,59.0,2745,5.9,5.96,3.65
26385,2.02,Very Good,G,SI2,62.8,55.0,15877,8.06,8.11,5.08
14201,1.01,Very Good,G,VS2,61.6,61.0,5759,6.36,6.46,3.95
27738,2.05,Premium,F,SI2,60.2,59.0,18784,8.28,8.33,5.0
52707,0.74,Fair,H,VS2,66.1,61.0,2553,5.6,5.57,3.69
50701,0.56,Premium,F,VVS2,59.5,61.0,2290,5.36,5.33,3.18
23604,1.09,Very Good,F,IF,61.4,56.0,11631,6.62,6.68,4.08
31745,0.4,Ideal,D,SI1,60.8,57.0,772,4.77,4.81,2.91
35698,0.3,Ideal,E,VS1,60.7,57.0,911,4.36,4.31,2.63
3805,0.9,Very Good,F,SI2,63.4,60.0,3465,6.06,6.09,3.85
7041,1.02,Ideal,F,SI2,62.1,56.0,4162,6.41,6.44,3.99
52779,0.78,Very Good,E,SI1,63.4,56.0,2565,5.84,5.9,3.72
15999,1.22,Ideal,F,SI2,62.5,56.2,6401,6.81,6.85,4.27
21251,1.19,Ideal,G,VVS2,60.9,53.0,9403,6.88,6.92,4.2
29097,0.36,Premium,D,SI2,61.2,59.0,689,4.59,4.56,2.8
18472,1.0,Ideal,G,VVS2,62.8,53.9,7520,6.37,6.42,4.02
14314,1.0,Ideal,F,SI2,62.4,57.0,5798,6.37,6.42,3.99
9254,1.05,Good,D,SI2,60.0,63.0,4560,6.59,6.64,3.97
7135,1.01,Ideal,J,SI2,61.9,55.0,4174,6.5,6.43,4.01
7361,1.0,Good,G,SI1,63.1,56.0,4218,6.31,6.41,4.01
43992,0.3,Premium,J,VS1,62.6,58.0,394,4.28,4.31,2.69
34895,0.43,Ideal,G,VS1,61.2,57.0,880,4.83,4.88,2.97
23530,1.5,Very Good,E,SI1,61.4,59.0,11533,7.24,7.41,4.5
18845,1.0,Very Good,G,VVS1,57.8,59.0,7725,6.59,6.63,3.82
17966,1.25,Premium,E,SI1,60.9,59.0,7260,6.98,7.02,4.26
22878,1.32,Ideal,E,VS2,62.0,56.0,10919,7.02,7.07,4.37
5374,0.3,Premium,D,SI2,61.2,60.0,574,4.31,4.28,2.63
52705,0.74,Premium,H,VS2,60.2,58.0,2553,5.92,5.88,3.55
18491,1.01,Good,G,VVS2,63.2,59.0,7528,6.34,6.38,4.02
44995,0.31,Premium,I,SI1,61.5,59.0,523,4.37,4.35,2.68
32888,0.36,Ideal,H,VS1,61.8,57.0,810,4.6,4.56,2.83
16905,1.03,Premium,G,VS1,62.2,59.0,6749,6.46,6.41,4.0
23726,0.25,Very Good,E,VVS1,62.3,55.0,633,4.04,4.06,2.52
39927,0.42,Ideal,E,VS1,61.6,57.0,1105,4.8,4.84,2.97
51840,0.9,Fair,I,SI2,67.7,61.0,2422,6.04,5.86,4.03
4615,0.7,Ideal,F,VS1,61.2,56.0,3662,5.73,5.76,3.52
32963,0.3,Ideal,F,SI1,62.3,56.0,461,4.27,4.3,2.67
25163,1.5,Premium,G,VS1,62.7,58.0,13736,7.32,7.2,4.55
42270,0.48,Premium,F,VS2,60.1,59.0,1294,5.12,5.1,3.07
40973,0.41,Ideal,F,VS1,61.7,56.0,1180,4.76,4.79,2.94
2516,0.7,Ideal,E,VS2,60.5,59.0,3201,5.72,5.75,3.47
177,0.74,Very Good,F,VS2,61.3,61.0,2775,5.8,5.84,3.57
34591,0.34,Ideal,J,VS1,61.9,53.9,469,4.5,4.53,2.79
5708,0.25,Very Good,F,VVS2,59.0,58.0,575,4.1,4.14,2.43
33364,0.41,Ideal,G,VS2,62.4,54.0,827,4.78,4.81,2.99
28255,0.33,Ideal,F,VS2,62.3,55.0,666,4.42,4.47,2.77
20064,0.31,Ideal,F,VS2,62.1,53.0,625,4.34,4.39,2.71
49563,0.7,Very Good,F,SI2,62.9,56.0,2131,5.68,5.71,3.58
40344,0.39,Ideal,F,VVS1,61.4,54.0,1129,4.7,4.73,2.9
53196,0.7,Ideal,G,VS2,60.0,57.0,2633,5.8,5.84,3.49
46554,0.51,Premium,E,VS2,61.9,59.0,1781,5.11,5.06,3.15
13696,1.0,Very Good,G,VS2,61.8,59.0,5600,6.29,6.37,3.91
31123,0.3,Ideal,F,VS1,61.5,55.0,754,4.35,4.33,2.67
41196,0.52,Good,D,SI2,63.7,55.0,1203,5.1,5.11,3.25
23884,1.67,Ideal,I,VS1,61.6,59.0,11975,7.64,7.61,4.7
36873,0.42,Ideal,E,VS2,62.3,55.0,958,4.77,4.83,2.99
32588,0.33,Ideal,E,VVS2,61.0,57.0,802,4.46,4.49,2.73
37071,0.41,Ideal,F,SI1,62.8,57.0,969,4.73,4.69,2.96
7325,1.01,Ideal,G,SI2,62.1,59.0,4209,6.45,6.41,3.99
25950,2.07,Good,I,VS2,64.1,57.0,15119,8.07,8.0,5.15
16398,1.09,Very Good,G,VS1,62.5,59.0,6546,6.56,6.59,4.11
12679,1.01,Ideal,H,VS2,62.7,57.0,5306,6.41,6.39,4.01
31228,0.32,Ideal,D,SI1,62.7,57.0,756,4.37,4.34,2.73
3841,0.9,Premium,D,SI2,63.0,58.0,3473,6.16,6.12,3.87
49525,0.54,Very Good,G,VVS1,60.7,56.0,2123,5.25,5.3,3.2
41,0.33,Ideal,I,SI2,61.2,56.0,403,4.49,4.5,2.75
32250,0.31,Ideal,H,IF,62.2,54.0,789,4.38,4.4,2.73
47470,0.51,Ideal,G,VVS2,62.2,53.4,1859,5.11,5.15,3.19
34943,0.23,Very Good,E,VS1,59.6,65.0,378,3.95,3.97,2.36
31465,0.4,Very Good,G,SI2,63.2,56.0,765,4.73,4.7,2.98
19128,1.34,Ideal,F,SI1,61.7,55.0,7893,7.07,7.13,4.38
33671,0.41,Good,G,SI1,64.3,54.0,836,4.72,4.68,3.02
22918,1.5,Very Good,H,VS2,62.8,57.0,10959,7.25,7.3,4.57
29275,0.31,Premium,I,VVS2,59.4,59.0,698,4.44,4.41,2.63
40209,0.31,Ideal,F,IF,62.3,57.0,1122,4.34,4.3,2.69
12552,1.14,Premium,G,SI1,63.0,59.0,5273,6.68,6.62,4.19
24800,2.03,Premium,I,SI2,63.0,56.0,13182,8.12,8.05,5.09
31016,0.31,Very Good,E,VVS2,62.4,56.0,749,4.32,4.35,2.7
49238,0.51,Very Good,G,IF,59.3,57.0,2084,5.25,5.31,3.13
20252,1.59,Ideal,J,VS2,62.9,58.0,8681,7.45,7.39,4.66
8036,0.9,Premium,E,VS2,62.9,58.0,4334,6.15,6.12,3.86
46667,0.7,Very Good,J,SI2,61.7,59.0,1788,5.64,5.67,3.49
1166,0.81,Premium,F,SI1,61.2,56.0,2926,6.03,6.0,3.68
18810,1.05,Ideal,F,VS2,59.1,57.0,7697,6.67,6.66,3.94
13957,1.2,Premium,H,VS1,62.6,59.0,5678,6.78,6.74,4.23
200,0.72,Premium,F,SI1,61.8,61.0,2777,5.82,5.71,3.56
48462,0.56,Ideal,G,VVS2,61.6,56.0,1976,5.29,5.32,3.27
5564,1.0,Premium,F,SI2,59.3,62.0,3858,6.49,6.43,3.83
5334,0.82,Ideal,F,SI1,61.7,56.0,3810,6.01,6.06,3.72
37598,0.23,Very Good,E,VVS2,59.7,54.0,485,4.02,4.05,2.41
19228,1.34,Very Good,H,VS2,61.4,58.0,7965,7.13,7.07,4.36
14897,1.26,Premium,H,SI2,58.6,59.0,5998,7.09,7.04,4.14
31020,0.31,Ideal,F,VS2,61.6,56.0,749,4.39,4.35,2.69
6527,0.9,Very Good,D,SI1,61.8,61.0,4068,6.16,6.2,3.82
44115,0.53,Premium,F,VS1,61.5,61.0,1558,5.17,5.11,3.16
4093,1.02,Good,J,SI2,63.4,56.0,3534,6.36,6.42,4.05
34656,0.31,Ideal,E,VS2,62.8,57.0,872,4.37,4.33,2.73
40485,0.5,Good,D,SI2,57.1,63.0,1141,5.23,5.27,3.0
10407,0.31,Good,G,SI1,63.6,57.0,593,4.33,4.29,2.74
22149,2.01,Good,I,SI1,64.1,60.0,10184,7.92,7.88,5.06
6060,0.32,Premium,I,VS2,62.2,59.0,576,4.37,4.35,2.71
21999,1.09,Premium,G,IF,61.3,58.0,10065,6.64,6.6,4.06
781,0.9,Very Good,J,SI2,63.6,58.0,2860,6.07,6.1,3.87
50317,1.06,Fair,I,I1,64.5,57.0,2239,6.47,6.33,4.13
38559,0.5,Very Good,I,SI1,62.5,57.0,1035,5.06,5.09,3.17
25376,0.31,Ideal,E,VS2,61.5,56.0,642,4.39,4.42,2.71
36564,0.35,Ideal,I,IF,62.5,55.0,945,4.54,4.52,2.83
455,0.71,Premium,E,VS2,62.3,58.0,2817,5.69,5.65,3.53
32640,0.34,Very Good,I,SI1,60.4,56.0,459,4.54,4.56,2.75
31112,0.31,Very Good,F,VVS2,62.0,55.0,754,4.34,4.38,2.7
21426,1.5,Very Good,I,VS2,63.3,55.0,9533,7.3,7.26,4.61
19108,1.03,Ideal,G,VVS2,61.6,57.0,7876,6.48,6.51,4.0
6897,0.9,Very Good,E,VS2,61.1,63.0,4134,6.17,6.2,3.78
25067,2.01,Fair,H,SI2,61.2,66.0,13587,8.21,8.09,4.98
38589,0.51,Premium,F,SI2,62.8,60.0,1036,5.1,5.03,3.18
33609,0.31,Ideal,D,SI2,62.0,56.0,462,4.33,4.35,2.69
52474,0.7,Very Good,E,SI1,63.2,57.0,2518,5.63,5.61,3.55
477,0.86,Good,F,SI2,64.3,60.0,2819,5.97,5.95,3.83
4385,0.31,Ideal,I,VVS1,62.0,54.0,571,4.34,4.37,2.7
37559,0.31,Ideal,G,IF,61.6,55.0,988,4.39,4.34,2.69
43987,0.26,Ideal,G,SI1,62.0,54.0,394,4.08,4.11,2.54
45214,0.51,Good,E,VS2,63.3,56.0,1656,5.08,5.12,3.23
19786,1.51,Fair,I,SI1,68.3,57.0,8355,6.95,6.87,4.72
23589,1.57,Very Good,H,VS1,62.8,60.0,11605,7.36,7.44,4.65
40234,0.39,Premium,D,VS1,61.7,59.0,1123,4.69,4.64,2.88
51996,0.71,Premium,G,VS2,60.3,59.0,2443,5.79,5.76,3.48
44077,0.53,Ideal,I,VS1,61.8,55.0,1552,5.19,5.23,3.22
10593,0.91,Very Good,E,VS2,62.8,59.0,4823,6.15,6.17,3.87
32079,0.33,Ideal,D,VS2,61.8,56.0,781,4.45,4.48,2.76
49729,0.53,Ideal,G,VVS1,61.6,57.0,2153,5.2,5.22,3.21
36923,0.41,Ideal,G,VS1,61.4,55.0,961,4.8,4.78,2.94
48432,0.7,Ideal,J,SI1,62.3,57.0,1974,5.69,5.71,3.55
37631,0.4,Premium,D,SI1,59.9,60.0,990,4.77,4.75,2.85
34749,0.41,Ideal,H,SI1,62.4,56.0,876,4.78,4.74,2.97
34586,0.35,Ideal,F,VVS2,61.2,56.0,872,4.56,4.58,2.8
10690,1.0,Fair,E,SI1,57.4,61.0,4844,6.53,6.63,3.78
48816,0.56,Very Good,E,VS1,62.0,58.9,2027,5.25,5.29,3.27
11763,1.08,Ideal,E,SI2,61.7,57.0,5080,6.6,6.55,4.06
11025,1.18,Premium,H,VS2,61.1,60.0,4916,6.8,6.76,4.14
18480,1.05,Ideal,G,VS1,61.0,56.0,7526,6.62,6.56,4.02
45019,0.54,Ideal,H,VS1,62.4,56.0,1637,5.22,5.2,3.25
1165,0.81,Good,D,SI2,63.6,55.0,2926,5.91,5.86,3.74
38989,0.36,Ideal,G,VVS2,62.3,56.0,1053,4.56,4.53,2.83
9502,0.93,Good,E,SI1,63.1,57.0,4611,6.17,6.19,3.9
34279,0.23,Very Good,D,VS1,62.4,56.0,468,3.93,3.98,2.46
25628,2.5,Ideal,J,SI2,64.0,55.0,14502,8.56,8.48,5.46
14188,0.9,Very Good,D,VS1,63.0,58.0,5757,6.11,6.15,3.86
1181,0.71,Ideal,G,VS1,62.7,57.0,2930,5.69,5.73,3.58
47703,0.58,Premium,G,VS1,61.5,58.0,1884,5.35,5.41,3.31
21861,1.23,Ideal,G,VVS2,62.4,55.0,9921,6.8,6.88,4.27
18332,1.01,Ideal,E,VS1,60.4,59.0,7458,6.52,6.5,3.93
35006,0.42,Premium,G,SI1,62.7,58.0,882,4.79,4.75,2.99
40555,0.41,Ideal,G,VVS1,61.7,55.0,1151,4.77,4.79,2.95
6050,0.32,Premium,I,VS2,62.6,58.0,576,4.42,4.37,2.75
22071,1.57,Ideal,I,VS2,61.5,56.0,10093,7.56,7.49,4.63
8451,1.06,Very Good,J,VS2,62.6,59.0,4413,6.49,6.57,4.09
2961,1.07,Very Good,H,SI2,61.8,63.0,3296,6.57,6.47,4.03
31716,0.33,Ideal,E,VS1,61.5,56.2,771,4.42,4.45,2.73
30168,0.32,Very Good,F,VVS2,63.0,56.0,721,4.37,4.39,2.76
51367,0.71,Ideal,F,SI2,62.1,54.0,2365,5.72,5.74,3.56
4306,0.9,Very Good,G,SI2,62.6,60.0,3593,6.1,6.16,3.84
11266,1.05,Very Good,H,VS1,63.4,57.0,4969,6.48,6.45,4.1
44227,0.46,Very Good,H,VVS1,62.0,56.0,1572,4.96,4.98,3.07
27662,2.09,Very Good,F,SI2,63.4,55.0,18640,8.18,8.11,5.16
40053,0.38,Premium,E,VS2,59.2,60.0,1112,4.77,4.73,2.81
36606,0.32,Ideal,D,SI2,61.4,56.0,477,4.43,4.46,2.73
15667,1.01,Good,G,VS1,63.8,56.0,6283,6.27,6.34,4.02
46292,0.3,Good,G,VS2,63.5,54.0,526,4.25,4.28,2.71
51614,0.73,Very Good,E,SI2,59.3,57.0,2395,5.88,5.95,3.51
23739,1.83,Very Good,F,SI1,63.2,56.0,11782,7.78,7.73,4.9
18247,1.01,Very Good,G,VVS1,63.1,59.0,7412,6.42,6.33,4.02
31854,0.3,Ideal,H,VVS2,61.2,57.0,776,4.32,4.31,2.64
14262,1.24,Premium,E,SI1,58.5,60.0,5775,7.08,7.01,4.11
22306,1.54,Good,I,VS1,63.6,60.0,10349,7.33,7.3,4.65
1119,0.7,Ideal,E,VS2,62.5,58.0,2917,5.63,5.67,3.53
27457,2.45,Ideal,J,VS2,60.4,56.0,18113,8.72,8.81,5.3
48577,0.54,Premium,E,VS2,61.3,59.0,1993,5.26,5.21,3.21
30604,0.3,Ideal,D,SI2,60.2,56.0,447,4.37,4.4,2.64
17682,1.44,Very Good,H,SI2,58.2,61.0,7128,7.45,7.51,4.35
26445,4.0,Very Good,I,I1,63.3,58.0,15984,10.01,9.94,6.31
52965,0.24,Very Good,F,IF,60.0,57.0,552,4.07,4.1,2.45
35962,0.31,Ideal,J,VVS2,60.3,60.0,476,4.4,4.45,2.67
39304,0.44,Ideal,H,SI1,61.9,56.0,1069,4.91,4.87,3.03
43081,0.5,Ideal,F,SI1,59.9,56.0,1378,5.36,5.09,3.13
13512,1.01,Premium,D,SI1,60.0,60.0,5543,6.51,6.45,3.89
32433,0.41,Premium,D,VS2,62.6,59.0,792,4.74,4.75,2.97
6927,1.01,Good,G,SI1,64.2,56.0,4138,6.38,6.26,4.05
39089,0.48,Ideal,I,VVS2,62.1,56.0,1061,5.01,5.04,3.12
23019,0.4,Ideal,F,I1,63.3,60.0,630,4.68,4.64,2.95
41784,0.57,Premium,F,SI2,60.4,58.0,1247,5.4,5.37,3.25
41708,0.53,Premium,F,SI2,62.5,57.0,1242,5.17,5.11,3.21
31858,0.3,Ideal,H,VVS2,60.4,56.0,776,4.36,4.32,2.62
27590,1.72,Ideal,G,VVS2,62.0,57.0,18431,7.63,7.72,4.76
17781,1.32,Ideal,I,SI1,62.0,57.0,7162,6.99,7.04,4.35
13067,1.5,Ideal,I,I1,61.8,57.0,5412,7.31,7.39,4.54
48028,0.57,Ideal,H,VS1,61.0,57.0,1922,5.37,5.34,3.26
29414,0.38,Very Good,H,VS2,60.6,58.0,700,4.68,4.7,2.84
9827,1.01,Premium,G,SI1,62.9,61.0,4672,6.4,6.36,4.01
39275,0.32,Ideal,E,I1,60.7,57.0,490,4.45,4.41,2.69
39859,0.55,Ideal,J,SI1,60.9,57.0,1100,5.24,5.3,3.21
51429,0.61,Ideal,E,VS2,61.3,55.0,2373,5.48,5.45,3.35
3427,0.79,Ideal,E,SI1,62.0,57.0,3384,5.92,5.96,3.68
26071,2.05,Premium,G,SI1,61.6,59.0,15291,8.2,8.16,5.04
21814,1.18,Ideal,E,VS1,62.4,54.0,9886,6.79,6.74,4.22
386,0.99,Fair,I,SI2,68.1,56.0,2811,6.21,6.06,4.18
35024,0.4,Good,E,SI1,63.9,55.0,882,4.72,4.67,3.0
32570,0.38,Very Good,F,VS2,61.9,59.0,800,4.61,4.66,2.87
5855,1.0,Premium,F,SI2,61.5,58.0,3920,6.41,6.38,3.93
30828,0.33,Premium,I,VVS2,62.2,59.0,743,4.47,4.41,2.76
48415,0.65,Premium,F,VS2,59.6,58.0,1970,5.65,5.62,3.36
39166,0.44,Premium,G,VS2,60.6,58.0,1063,4.96,4.9,2.99
31310,0.32,Premium,D,VS2,60.3,60.0,758,4.42,4.44,2.67
32506,0.37,Ideal,G,VS1,60.9,57.0,798,4.65,4.68,2.84
8405,1.03,Ideal,I,SI1,63.3,57.0,4401,6.37,6.46,4.06
36721,0.41,Very Good,E,VS1,63.2,59.0,954,4.71,4.75,2.99
33699,0.33,Ideal,G,VVS1,61.1,56.0,838,4.47,4.5,2.74
53524,0.77,Ideal,E,SI2,62.3,57.0,2689,5.88,5.91,3.67
10759,1.01,Premium,G,VS1,59.5,60.0,4853,6.49,6.48,3.86
6479,1.11,Fair,J,SI2,64.8,55.1,4056,6.44,6.55,4.21
10122,1.01,Very Good,G,SI1,60.0,58.0,4719,6.51,6.55,3.92
20025,0.32,Very Good,G,SI2,62.4,59.0,421,4.35,4.4,2.73
42167,0.5,Ideal,F,SI1,59.9,57.0,1286,5.19,5.16,3.1
7688,1.1,Ideal,J,SI1,62.2,55.0,4275,6.62,6.65,4.13
11381,0.4,Good,G,SI2,63.1,59.0,596,4.65,4.7,2.95
50304,0.32,Very Good,G,VS2,62.3,55.0,544,4.38,4.41,2.73
38971,0.4,Very Good,E,VS1,60.5,61.0,1053,4.72,4.74,2.86
29831,0.31,Ideal,E,VVS2,60.4,61.0,710,4.37,4.44,2.66
51893,0.72,Ideal,I,VS1,62.1,55.0,2430,5.73,5.76,3.56
34874,0.3,Premium,G,VVS2,61.8,59.0,878,4.26,4.22,2.62
29094,0.36,Premium,D,SI2,60.9,58.0,689,4.63,4.6,2.81
21917,1.33,Premium,G,VS1,60.2,60.0,9992,7.2,7.12,4.31
46119,0.52,Ideal,G,VS1,62.1,54.0,1743,5.17,5.14,3.2
42958,0.3,Premium,J,VS1,62.4,58.0,506,4.3,4.26,2.67
31062,0.27,Premium,E,VVS2,61.8,59.0,752,4.18,4.14,2.57
11057,0.31,Ideal,G,VS1,61.6,55.0,596,4.37,4.4,2.7
22168,1.56,Ideal,F,SI2,61.6,56.0,10210,7.41,7.45,4.58
39378,0.52,Ideal,H,SI1,62.3,54.0,1074,5.15,5.18,3.22
40247,0.37,Premium,D,VS2,61.0,59.0,1124,4.63,4.59,2.81
16887,1.26,Ideal,G,SI1,59.6,57.0,6738,7.08,7.04,4.21
8239,1.32,Premium,G,SI2,59.2,61.0,4373,7.21,7.14,4.25
15231,1.5,Very Good,I,SI2,63.2,52.0,6115,7.28,7.24,4.59
8565,1.01,Very Good,G,SI2,62.1,60.0,4435,6.38,6.35,3.95
25221,2.0,Premium,I,SI2,60.7,61.0,13820,8.09,8.03,4.89
42082,0.53,Premium,G,SI1,61.0,59.0,1273,5.25,5.21,3.19
46590,0.64,Good,H,VS1,61.8,60.3,1786,5.47,5.53,3.4
4230,1.19,Premium,E,I1,60.2,61.0,3572,6.91,6.87,4.15
20815,1.55,Premium,H,VS1,58.4,61.0,9041,7.64,7.59,4.45
20346,1.15,Ideal,F,VVS2,62.1,55.0,8743,6.69,6.74,4.17
7415,1.02,Ideal,H,SI2,60.5,60.0,4225,6.56,6.53,3.96
23315,2.0,Premium,G,SI2,61.7,60.0,11355,7.95,7.9,4.89
17225,1.22,Ideal,I,VS1,62.6,57.0,6887,6.8,6.76,4.24
12359,1.01,Ideal,I,VS1,60.3,57.0,5231,6.51,6.53,3.93
47989,0.32,Very Good,F,SI1,62.3,55.0,533,4.39,4.44,2.75
45971,0.3,Good,G,VS2,63.5,55.0,526,4.22,4.25,2.69
16760,1.21,Very Good,H,VS2,62.9,58.0,6673,6.74,6.78,4.25
14540,1.21,Very Good,H,SI1,63.1,60.0,5871,6.74,6.69,4.24
53122,0.74,Premium,E,SI2,62.6,58.0,2617,5.77,5.73,3.6
13695,1.0,Very Good,G,VS2,63.3,60.0,5600,6.37,6.29,4.01
33875,0.3,Ideal,E,VS2,62.0,55.0,844,4.35,4.3,2.68
44705,0.57,Premium,E,SI1,59.4,58.0,1613,5.42,5.38,3.21
30351,0.4,Ideal,I,VVS2,61.9,56.4,728,4.72,4.74,2.93
32702,0.31,Ideal,F,VS2,61.6,55.0,802,4.37,4.36,2.69
41175,0.4,Ideal,G,VVS1,61.6,57.0,1200,4.76,4.75,2.93
41672,0.4,Ideal,G,VS2,62.0,56.0,1240,4.73,4.78,2.95
31243,0.31,Ideal,F,VS2,61.6,55.0,757,4.38,4.39,2.7
3273,1.0,Ideal,E,I1,63.0,57.0,3360,6.35,6.32,3.99
36935,0.24,Very Good,E,VVS1,63.4,57.0,478,3.91,3.95,2.49
45710,0.56,Ideal,G,VS2,61.7,56.0,1698,5.34,5.3,3.28
39197,0.43,Premium,D,SI1,60.1,58.0,1064,4.93,4.89,2.95
38087,0.3,Ideal,F,IF,62.0,56.0,1013,4.34,4.3,2.68
35303,0.3,Good,H,VS2,63.5,54.0,473,4.27,4.3,2.72
28511,0.3,Ideal,F,VS2,63.0,55.0,673,4.29,4.28,2.7
31526,0.34,Very Good,E,SI1,63.3,56.0,765,4.44,4.41,2.8
44505,0.52,Ideal,D,SI1,62.4,56.0,1600,5.12,5.17,3.21
50761,0.7,Premium,D,SI2,62.1,60.0,2299,5.71,5.73,3.55
16755,1.13,Ideal,H,VS2,61.9,56.0,6670,6.69,6.63,4.13
35405,0.32,Ideal,F,VS1,61.9,56.0,900,4.4,4.36,2.71
25357,0.28,Very Good,E,VVS2,60.0,56.0,642,4.26,4.28,2.56
35173,0.31,Ideal,G,IF,61.3,54.0,891,4.38,4.4,2.69
6760,1.07,Premium,J,SI2,62.4,58.0,4105,6.54,6.47,4.06
18151,1.01,Ideal,E,VS2,62.1,56.0,7355,6.41,6.45,3.99
31550,0.3,Ideal,E,VVS2,62.3,56.0,766,4.3,4.34,2.69
4129,1.52,Premium,I,I1,61.2,58.0,3541,7.43,7.35,4.52
20501,1.71,Good,J,VS2,62.8,58.0,8831,7.48,7.55,4.72
9888,1.05,Premium,H,SI1,62.2,58.0,4682,6.5,6.46,4.03
36682,0.4,Very Good,F,VS1,62.0,56.0,951,4.71,4.73,2.92
48335,0.51,Ideal,D,VS1,62.1,55.0,1959,5.14,5.2,3.21
5921,1.02,Good,H,SI2,58.2,60.0,3940,6.49,6.57,3.8
47663,0.23,Very Good,E,VVS2,61.8,58.0,530,3.92,3.94,2.43
4986,1.19,Very Good,G,SI2,63.4,56.0,3739,6.69,6.56,4.2
40314,0.4,Premium,E,VS1,60.5,61.0,1125,4.74,4.72,2.86
10280,1.02,Premium,H,SI1,59.2,58.0,4754,6.6,6.57,3.9
7515,0.91,Premium,G,VS2,59.5,58.0,4241,6.34,6.26,3.75
28367,0.33,Ideal,D,VS2,60.3,55.0,667,4.5,4.52,2.72
29798,0.3,Ideal,D,SI1,61.0,57.0,709,4.33,4.29,2.63
39623,0.35,Very Good,I,VS2,62.9,57.0,491,4.5,4.53,2.84
15506,1.28,Premium,H,SI1,62.1,62.0,6210,6.88,6.83,4.26
29898,0.3,Premium,D,VS2,60.6,58.0,710,4.32,4.36,2.63
20480,1.25,Premium,G,VS2,62.6,58.0,8820,6.87,6.8,4.28
20841,1.51,Good,I,SI1,63.9,59.0,9069,7.18,7.26,4.61
37226,0.4,Premium,E,VS2,59.3,59.0,975,4.81,4.77,2.84
47919,0.57,Premium,F,VS1,61.3,58.0,1915,5.38,5.26,3.26
46942,0.52,Ideal,E,VS2,62.0,55.0,1815,5.19,5.14,3.2
46048,0.53,Ideal,H,VS1,61.9,55.0,1731,5.18,5.21,3.22
8376,0.31,Very Good,F,VS2,63.0,57.0,583,4.27,4.33,2.71
36506,0.45,Premium,F,VS2,61.4,60.0,945,4.93,4.87,3.01
2645,0.81,Ideal,E,VS2,60.4,57.0,3231,6.02,6.06,3.65
49189,0.7,Fair,F,SI2,65.3,55.0,2075,5.6,5.49,3.62
24018,1.7,Ideal,D,SI1,60.0,54.0,12190,7.76,7.71,4.64
35794,0.39,Ideal,F,VS1,61.7,56.0,913,4.68,4.72,2.9
1098,1.0,Fair,I,SI1,66.0,56.0,2912,6.31,6.24,4.13
11837,1.0,Good,D,SI1,60.4,64.0,5096,6.39,6.3,3.83
41277,0.35,Ideal,G,SI1,61.8,55.0,503,4.54,4.56,2.81
24740,2.17,Premium,F,SI2,59.3,61.0,13084,8.6,8.53,5.08
29238,0.43,Good,I,VS2,58.0,57.0,696,4.96,5.01,2.89
13020,1.11,Ideal,G,SI1,61.9,57.0,5408,6.63,6.66,4.11
30929,0.34,Ideal,E,VS2,62.4,56.0,745,4.45,4.49,2.79
20035,0.3,Very Good,E,SI2,61.6,61.0,421,4.25,4.29,2.63
22074,1.49,Premium,H,SI1,61.9,57.0,10096,7.35,7.31,4.54
4827,0.9,Premium,F,SI2,62.0,61.0,3704,6.16,6.14,3.81
1391,0.24,Ideal,G,VVS1,62.0,55.0,559,4.01,4.03,2.49
34915,0.34,Ideal,F,VS2,62.9,55.0,880,4.48,4.46,2.81
33487,0.32,Premium,F,VS2,61.7,58.0,828,4.41,4.38,2.71
19949,1.66,Good,J,VS2,64.4,54.0,8496,7.45,7.54,4.83
48322,0.23,Ideal,G,VVS1,60.8,57.0,536,3.96,3.99,2.41
3759,0.75,Ideal,D,VS2,62.4,55.0,3456,5.83,5.8,3.63
35389,0.41,Ideal,G,VS1,61.9,57.0,899,4.76,4.81,2.96
6316,1.0,Good,E,SI2,64.0,54.0,4026,6.31,6.26,4.01
50663,0.31,Ideal,G,VS2,61.7,55.0,544,4.35,4.37,2.69
27586,1.79,Very Good,F,VS2,62.8,59.0,18429,7.7,7.8,4.87
37548,0.51,Ideal,J,SI1,62.5,56.0,988,5.06,5.12,3.18
29602,0.35,Ideal,G,VS1,60.6,56.0,706,4.57,4.6,2.78
29552,0.25,Ideal,E,VVS2,61.7,56.0,705,4.05,4.07,2.5
39403,0.41,Ideal,G,VVS2,61.3,56.0,1076,4.77,4.76,2.92
17818,1.19,Ideal,H,VS1,62.1,54.0,7181,6.8,6.83,4.23
36467,0.31,Ideal,D,VS2,62.1,55.0,942,4.32,4.31,2.68
15626,1.01,Very Good,D,SI1,63.6,59.0,6270,6.33,6.37,4.04
28704,0.41,Very Good,F,SI1,63.6,57.0,680,4.72,4.75,3.01
48326,0.33,Good,F,SI1,61.8,62.0,536,4.4,4.45,2.74
43277,0.3,Good,I,SI1,64.1,57.0,506,4.3,4.25,2.74
36085,0.32,Ideal,F,VVS1,62.3,56.0,926,4.35,4.38,2.72
31860,0.3,Premium,H,VVS2,60.6,58.0,776,4.35,4.33,2.63
26764,2.01,Good,E,SI2,60.0,64.0,16582,8.09,8.17,4.88
7003,1.0,Good,D,SI1,57.6,62.0,4155,6.62,6.5,3.78
46500,0.4,Ideal,E,VVS1,61.3,56.0,1778,4.75,4.78,2.92
1812,1.01,Fair,I,SI2,68.1,59.0,3054,6.14,6.11,4.17
41045,0.54,Ideal,G,SI1,61.7,55.0,1187,5.24,5.27,3.24
38931,0.4,Premium,E,VS1,61.2,59.0,1053,4.72,4.76,2.9
42456,0.55,Very Good,F,SI1,60.7,57.0,1316,5.27,5.3,3.21
14512,1.14,Ideal,H,SI1,60.4,57.0,5861,6.78,6.83,4.11
18068,2.01,Fair,F,I1,58.7,66.0,7294,8.3,8.19,4.84
33198,0.3,Ideal,G,VVS2,62.2,54.0,819,4.33,4.29,2.68
21044,0.31,Premium,H,VVS2,61.4,58.0,625,4.32,4.35,2.66
37921,0.23,Very Good,E,VVS1,63.3,57.0,485,3.88,3.95,2.48
5267,1.03,Good,J,VS2,63.7,56.0,3795,6.42,6.35,4.07
40009,0.41,Premium,F,VS2,62.6,57.0,1107,4.74,4.71,2.96
49797,0.7,Ideal,F,SI2,60.1,57.0,2163,5.78,5.81,3.48
32243,0.31,Ideal,H,IF,61.3,56.0,789,4.37,4.41,2.69
49276,0.54,Ideal,G,VVS2,62.1,56.0,2090,5.22,5.19,3.23
14294,1.34,Very Good,J,SI2,62.3,61.0,5787,6.97,7.05,4.37
14654,1.2,Ideal,I,VS2,62.1,57.0,5914,6.78,6.71,4.19
4265,0.9,Very Good,G,SI2,60.9,56.0,3581,6.18,6.24,3.78
30790,0.3,Ideal,E,VVS2,62.0,56.0,742,4.3,4.34,2.68
39894,0.42,Ideal,F,VS1,61.9,57.0,1103,4.81,4.79,2.97
52651,0.62,Ideal,G,VVS2,61.8,57.0,2548,5.44,5.47,3.37
27890,0.3,Ideal,H,VVS1,61.2,57.0,655,4.3,4.39,2.66
48721,0.52,Premium,G,VVS2,61.5,62.0,2012,5.17,5.14,3.17
36508,0.32,Ideal,F,VVS2,61.6,55.0,945,4.41,4.42,2.72
17203,1.2,Very Good,F,SI1,63.5,57.0,6872,6.65,6.74,4.25
35680,0.42,Very Good,F,VS1,60.9,58.0,910,4.84,4.88,2.96
41142,0.56,Very Good,H,SI1,61.3,60.0,1197,5.23,5.28,3.22
9745,1.01,Very Good,H,SI1,63.5,57.0,4659,6.31,6.35,4.02
16306,1.13,Ideal,G,VS2,62.7,57.0,6525,6.65,6.68,4.18
6167,1.01,Ideal,I,VS1,62.8,57.0,3991,6.42,6.38,4.02
33929,0.37,Very Good,E,VVS2,59.7,61.0,844,4.67,4.71,2.8
14555,1.2,Very Good,F,SI2,62.8,57.0,5880,6.73,6.78,4.24
5223,1.01,Premium,I,SI1,62.8,58.0,3782,6.4,6.34,4.0
7786,0.72,Ideal,E,VVS2,62.1,56.0,4285,5.72,5.77,3.57
50872,0.81,Premium,I,SI1,61.8,58.0,2313,5.97,5.91,3.68
36750,0.33,Ideal,F,VVS1,61.9,55.0,955,4.42,4.44,2.74
32417,0.41,Premium,D,SI1,61.0,59.0,791,4.76,4.78,2.91
12935,1.11,Very Good,F,SI1,60.1,61.0,5384,6.64,6.74,4.06
19683,0.33,Very Good,G,VS2,61.5,59.4,623,4.45,4.49,2.75
9683,1.0,Ideal,I,SI1,61.5,57.0,4649,6.39,6.43,3.94
16531,1.04,Good,F,VS2,63.7,58.0,6606,6.34,6.43,4.07
43366,0.52,Very Good,D,SI1,60.5,61.0,1408,5.19,5.23,3.15
111,0.8,Ideal,F,SI2,61.4,57.0,2761,5.96,6.0,3.67
47948,0.81,Premium,J,SI1,61.4,60.0,1917,5.98,5.94,3.66
39616,0.35,Good,E,SI2,63.9,55.0,491,4.48,4.5,2.87
33815,0.4,Ideal,I,VVS1,60.5,57.0,842,4.76,4.79,2.89
36688,0.39,Premium,E,VS2,61.4,58.0,951,4.73,4.68,2.89
42898,0.56,Very Good,G,SI1,61.8,55.0,1361,5.28,5.33,3.28
50521,0.53,Ideal,F,VVS1,62.1,53.2,2273,5.17,5.21,3.22
51782,0.6,Ideal,G,VVS2,61.6,55.0,2413,5.44,5.47,3.36
30297,0.3,Very Good,D,SI2,63.0,55.0,447,4.25,4.26,2.68
41848,0.51,Good,D,SI1,64.0,58.0,1255,5.03,5.06,3.23
7133,0.92,Ideal,G,SI1,62.6,56.0,4173,6.21,6.19,3.88
38358,0.33,Ideal,F,VVS1,62.4,55.0,1021,4.42,4.4,2.75
42389,0.6,Good,F,SI2,62.0,62.0,1306,5.33,5.4,3.32
22345,1.13,Ideal,G,VVS2,61.6,57.0,10396,6.66,6.75,4.13
32818,0.34,Ideal,D,VS2,61.4,56.0,805,4.5,4.53,2.77
17054,0.41,Ideal,F,SI2,62.0,53.0,612,4.77,4.81,2.97
36514,0.4,Good,I,IF,62.3,62.0,945,4.69,4.72,2.93
38590,0.51,Premium,F,SI2,58.3,61.0,1036,5.18,5.14,3.01
30293,0.3,Good,D,SI2,63.3,57.0,447,4.26,4.3,2.71
47934,0.56,Premium,E,VS2,61.8,56.0,1915,5.31,5.28,3.27
29643,0.35,Premium,F,VS2,62.1,60.0,706,4.45,4.51,2.78
38835,0.4,Very Good,F,VVS2,60.9,52.0,1049,4.81,4.83,2.94
7877,0.9,Premium,H,VS1,62.4,58.0,4309,6.15,6.19,3.85
44965,0.53,Good,D,SI1,63.8,56.0,1636,5.16,5.12,3.28
44575,0.53,Ideal,E,VS2,62.5,57.0,1607,5.16,5.18,3.23
45543,0.51,Ideal,F,VS2,62.9,57.0,1687,5.11,5.09,3.21
28327,0.33,Premium,G,VS1,61.9,58.0,666,4.43,4.46,2.75
31410,0.3,Ideal,G,VVS1,62.7,54.0,764,4.3,4.34,2.71
41291,0.52,Ideal,G,SI2,62.1,56.0,1210,5.13,5.18,3.2
24442,1.51,Premium,G,VS2,59.6,57.0,12696,7.52,7.49,4.47
10437,1.2,Very Good,I,SI1,61.7,56.0,4785,6.82,6.76,4.19
183,0.72,Ideal,G,SI1,61.8,56.0,2776,5.72,5.75,3.55
34735,0.37,Ideal,E,VS1,61.2,56.0,876,4.64,4.67,2.85
28111,0.36,Premium,D,SI1,61.4,58.0,663,4.56,4.59,2.81
17320,1.25,Ideal,H,VS2,60.0,56.0,6944,7.04,6.99,4.21
25982,2.01,Premium,J,VS1,60.1,59.0,15185,8.25,8.18,4.94
18273,1.36,Premium,E,SI2,61.7,59.0,7421,7.2,7.09,4.41
50262,0.54,Premium,G,VVS1,60.7,56.0,2236,5.3,5.25,3.2
41527,0.42,Ideal,G,VVS1,61.6,55.0,1235,4.87,4.81,2.98
19432,1.12,Ideal,G,VS1,61.1,56.0,8080,6.7,6.73,4.1
31314,0.32,Ideal,D,VS2,62.1,54.0,758,4.4,4.46,2.75
8192,1.02,Good,F,SI2,61.4,61.0,4368,6.4,6.44,3.94
509,0.7,Premium,F,VS2,60.6,58.0,2822,5.8,5.72,3.49
49136,0.56,Ideal,D,VS2,61.6,56.0,2066,5.31,5.27,3.26
13609,1.02,Premium,H,VS1,58.5,57.0,5569,6.65,6.61,3.88
13178,1.37,Good,I,VS2,64.1,58.0,5449,6.92,6.9,4.43
15982,1.02,Premium,E,VS2,60.4,58.0,6397,6.51,6.47,3.92
50348,0.58,Ideal,F,VS1,60.4,57.0,2245,5.42,5.37,3.26
14632,1.16,Ideal,G,SI1,61.8,55.0,5908,6.75,6.78,4.18
41957,0.23,Very Good,E,VVS2,61.2,60.0,505,3.97,4.0,2.44
35732,0.3,Ideal,D,VS2,62.5,54.0,911,4.32,4.29,2.69
50677,0.5,Ideal,G,IF,60.8,54.0,2287,5.19,5.2,3.16
50169,0.71,Ideal,I,SI1,62.5,57.0,2218,5.69,5.74,3.57
37962,0.41,Ideal,F,VS1,62.5,57.0,1007,4.75,4.76,2.97
52628,0.35,Very Good,H,SI2,63.2,61.0,551,4.49,4.47,2.83
38132,0.3,Premium,G,VVS1,61.9,59.0,1013,4.31,4.28,2.66
293,0.51,Ideal,D,VVS1,61.7,56.0,2797,5.12,5.16,3.17
3708,0.7,Premium,G,VVS2,59.3,54.0,3450,5.89,5.78,3.46
52367,0.9,Good,I,SI2,64.0,55.0,2503,6.11,6.05,3.89
7790,0.92,Premium,G,VS2,61.6,62.0,4287,6.3,6.24,3.86
36196,0.37,Ideal,F,VVS1,61.5,56.0,931,4.59,4.61,2.83
29071,0.34,Ideal,D,VS2,61.6,55.0,687,4.48,4.54,2.78
30843,0.33,Ideal,H,VS1,61.9,56.0,743,4.48,4.44,2.76
19762,1.6,Premium,H,SI2,59.4,59.0,8333,7.6,7.55,4.5
36959,0.28,Good,H,VVS1,56.0,64.0,480,4.38,4.41,2.46
45696,0.54,Very Good,G,VS1,63.6,56.0,1698,5.17,5.24,3.31
3594,0.76,Ideal,H,VVS1,61.8,57.0,3423,5.82,5.86,3.61
29731,0.31,Ideal,H,VVS1,61.8,57.0,707,4.32,4.35,2.68
34042,0.3,Ideal,G,IF,61.7,53.0,850,4.33,4.36,2.68
25341,2.0,Good,H,VS2,57.3,59.0,14042,8.27,8.24,4.73
33365,0.41,Ideal,H,VS1,61.9,56.0,827,4.75,4.78,2.95
10744,1.0,Very Good,F,SI1,61.4,62.0,4851,6.32,6.36,3.89
51527,0.7,Good,E,SI1,63.6,62.0,2386,5.57,5.6,3.55
29866,0.3,Premium,D,VS2,61.0,58.0,710,4.32,4.34,2.64
35471,0.33,Ideal,H,VVS1,62.5,56.0,901,4.44,4.42,2.77
14444,1.27,Premium,H,VS2,58.9,61.0,5832,7.09,7.03,4.16
33534,0.35,Ideal,D,VS2,60.7,56.0,829,4.56,4.6,2.78
39260,0.3,Ideal,D,VVS1,61.3,57.0,1069,4.32,4.29,2.64
34165,0.33,Ideal,G,VS1,61.4,55.0,854,4.48,4.44,2.74
48500,0.7,Fair,H,VS2,64.9,56.0,1981,5.49,5.51,3.57
9011,1.01,Premium,H,SI1,62.4,58.0,4513,6.41,6.35,3.98
33028,0.3,Ideal,D,VVS2,62.4,54.0,814,4.3,4.32,2.69
29550,0.36,Ideal,H,VVS2,61.3,55.0,705,4.62,4.64,2.84
50207,0.58,Ideal,F,VS1,61.9,56.0,2227,5.36,5.33,3.31
17253,1.52,Fair,I,SI2,64.7,58.0,6905,7.19,7.22,4.66
51349,0.75,Fair,F,SI1,64.5,60.0,2363,5.65,5.54,3.61
23731,1.54,Premium,H,VS2,61.9,59.0,11769,7.33,7.31,4.53
37695,0.41,Premium,J,VVS1,60.1,58.0,994,4.83,4.79,2.89
46716,0.7,Good,E,SI2,56.9,61.0,1793,5.85,5.9,3.34
18593,1.02,Very Good,F,VS1,62.4,58.0,7587,6.42,6.47,4.02
43481,0.7,Fair,G,SI2,69.3,60.0,1420,5.41,5.35,3.72
39834,0.5,Very Good,E,SI2,63.0,57.0,1098,5.01,5.05,3.17
32551,0.3,Fair,E,VS1,64.5,56.0,799,4.26,4.2,2.73
36659,0.3,Ideal,E,VVS2,61.4,55.0,949,4.33,4.36,2.67
20693,1.23,Premium,G,VVS2,59.6,59.0,8971,6.98,6.95,4.15
53842,0.8,Very Good,H,SI1,63.8,56.0,2739,5.85,5.91,3.75
50074,0.51,Premium,F,VVS2,60.5,59.0,2203,5.17,5.15,3.12
10629,1.2,Ideal,J,SI1,62.3,56.0,4830,6.77,6.81,4.23
19950,1.55,Ideal,J,VS2,61.4,55.0,8498,7.41,7.49,4.58
41550,0.42,Ideal,G,VVS1,61.1,56.0,1235,4.84,4.82,2.95
49240,0.58,Good,F,VS1,62.2,62.0,2084,5.37,5.44,3.36
12507,0.91,Premium,D,VS2,62.0,58.0,5259,6.15,6.2,3.83
26232,2.08,Premium,I,VVS1,62.2,58.0,15654,8.22,8.18,5.1
24177,1.52,Very Good,G,VS2,62.8,54.0,12359,7.26,7.36,4.59
333,0.73,Ideal,E,SI1,60.6,54.0,2803,5.84,5.89,3.55
9327,1.0,Premium,E,SI2,62.7,58.0,4579,6.41,6.34,4.0
11672,0.91,Very Good,E,VS1,62.8,60.0,5057,6.08,6.11,3.83
14973,1.21,Premium,D,SI2,60.9,58.0,6031,6.89,6.83,4.18
32495,0.27,Ideal,F,IF,61.8,55.0,796,4.16,4.19,2.58
18697,0.32,Good,F,VVS2,62.5,61.0,619,4.32,4.38,2.72
33452,0.32,Premium,G,VS1,62.4,58.0,828,4.4,4.35,2.73
40015,0.37,Very Good,D,VVS1,62.3,54.0,1108,4.57,4.65,2.87
275,0.73,Ideal,H,VS2,62.7,55.0,2793,5.72,5.76,3.6
35265,0.34,Ideal,G,VVS1,62.1,55.0,895,4.46,4.49,2.78
50399,0.73,Ideal,F,SI2,61.5,55.0,2255,5.79,5.85,3.58
49175,0.7,Ideal,G,SI1,61.2,57.0,2074,5.71,5.79,3.52
20053,0.31,Premium,F,VS2,61.2,58.0,625,4.35,4.37,2.67
31455,0.34,Premium,E,SI1,59.3,58.0,765,4.59,4.55,2.71
14322,1.51,Fair,J,SI2,65.1,59.0,5801,7.13,7.09,4.63
12523,1.11,Ideal,E,SI2,61.2,55.0,5262,6.68,6.72,4.1
5012,1.13,Ideal,H,I1,62.2,55.0,3745,6.69,6.65,4.15
1640,1.12,Premium,G,I1,60.3,60.0,3017,6.75,6.69,4.05
36198,0.47,Ideal,E,SI2,61.5,55.0,931,4.98,5.04,3.08
1567,0.72,Ideal,I,VS1,60.4,56.0,3005,5.8,5.86,3.52
16277,1.51,Premium,H,SI2,62.9,58.0,6511,7.31,7.26,4.58
17248,1.34,Ideal,H,SI2,61.6,56.0,6904,7.1,7.05,4.36
9870,1.03,Ideal,D,SI2,61.8,56.0,4679,6.46,6.51,4.01
49678,0.9,Good,F,I1,64.3,58.0,2143,6.09,6.05,3.9
3650,0.91,Very Good,E,SI2,58.5,60.0,3438,6.31,6.34,3.7
24148,2.3,Ideal,J,SI1,62.3,57.0,12316,8.41,8.34,5.22
36314,0.32,Premium,H,VVS1,62.7,57.0,936,4.41,4.36,2.75
48581,0.54,Premium,D,VS2,60.9,58.0,1993,5.31,5.27,3.22
3438,0.9,Premium,H,SI1,61.0,59.0,3387,6.16,6.11,3.74
23202,2.04,Premium,J,VS2,60.9,59.0,11209,8.25,8.21,5.01
47369,0.52,Very Good,D,VS2,62.9,59.0,1847,5.11,5.13,3.22
50732,0.72,Ideal,G,SI2,62.3,54.0,2295,5.76,5.79,3.6
48249,0.7,Very Good,J,VS2,61.1,61.0,1952,5.64,5.69,3.46
25866,2.01,Fair,E,SI2,62.1,66.0,14948,7.99,7.92,4.94
42670,0.44,Ideal,E,VVS2,60.9,57.0,1334,4.95,4.9,3.0
42576,0.51,Very Good,H,VS2,60.1,59.8,1328,5.14,5.19,3.1
13298,1.03,Premium,D,SI1,61.8,57.0,5491,6.53,6.49,4.02
5829,0.92,Good,D,SI2,63.9,55.0,3916,6.14,6.09,3.91
44567,0.52,Very Good,D,SI1,63.3,58.0,1605,5.15,5.12,3.25
53253,0.72,Premium,G,VS1,62.3,61.0,2646,5.73,5.66,3.55
52559,0.7,Ideal,G,VS1,60.6,57.0,2535,5.75,5.7,3.47
11108,1.03,Premium,H,SI1,61.9,58.0,4932,6.49,6.43,4.0
45209,0.51,Ideal,G,VS1,61.0,55.0,1656,5.11,5.21,3.15
16876,1.26,Very Good,G,SI1,63.0,59.0,6733,6.84,6.88,4.32
19828,1.51,Ideal,I,SI1,61.2,60.0,8396,7.39,7.37,4.52
42923,0.53,Premium,G,SI1,61.3,58.0,1363,5.21,5.16,3.18
40726,0.52,Very Good,H,SI1,62.6,59.0,1161,5.06,5.13,3.19
2580,0.78,Ideal,D,SI1,61.1,57.0,3214,5.95,5.97,3.64
25250,1.58,Very Good,D,SI1,62.7,60.0,13869,7.37,7.41,4.63
46395,0.72,Premium,G,SI2,59.1,61.0,1764,5.89,5.85,3.47
30643,0.41,Fair,I,VS1,65.3,58.0,735,4.62,4.66,3.03
30551,0.31,Ideal,D,VS2,62.5,56.0,734,4.31,4.36,2.71
44184,0.5,Very Good,H,VVS2,62.9,56.0,1569,5.03,5.08,3.18
27623,2.09,Very Good,F,SI2,61.3,59.0,18509,8.19,8.33,5.06
11608,1.12,Ideal,F,SI2,61.9,55.0,5046,6.68,6.72,4.15
21242,1.52,Very Good,D,SI2,60.6,62.0,9389,7.37,7.42,4.48
49921,0.7,Premium,G,SI1,62.0,61.0,2184,5.67,5.62,3.5
35349,0.38,Premium,E,SI1,61.2,59.0,898,4.67,4.64,2.85
20331,1.5,Good,I,SI1,64.0,60.0,8736,7.25,7.13,4.6
42583,0.51,Very Good,E,SI1,63.0,58.0,1330,4.99,5.08,3.17
28701,0.3,Very Good,G,VVS1,61.9,55.0,680,4.31,4.32,2.67
33136,0.31,Premium,E,VVS2,61.4,58.0,816,4.33,4.36,2.67
14130,0.93,Premium,F,SI1,62.3,59.0,5729,6.25,6.21,3.88
10076,0.29,Very Good,F,VVS2,60.8,63.0,592,4.28,4.31,2.61
14351,1.24,Good,E,SI2,58.5,57.0,5809,7.03,7.1,4.13
42688,0.45,Ideal,E,VVS2,61.9,56.0,1337,4.91,4.95,3.05
20630,1.0,Premium,F,VVS2,60.6,54.0,8924,6.56,6.52,3.96
8046,0.25,Ideal,G,VVS1,61.7,56.0,582,4.05,4.07,2.51
24165,1.88,Very Good,H,VS2,63.1,55.0,12339,7.86,7.81,4.94
36598,0.36,Ideal,H,IF,61.9,57.0,947,4.55,4.6,2.83
52843,0.7,Ideal,D,SI2,61.3,57.0,2575,5.73,5.76,3.52
3864,0.86,Ideal,E,SI2,60.0,56.0,3478,6.22,6.24,3.74
36803,0.3,Ideal,G,IF,61.4,57.0,956,4.37,4.33,2.67
15001,1.3,Good,H,SI2,63.7,57.0,6042,6.94,6.87,4.4
23182,1.7,Very Good,I,VS2,58.5,59.0,11190,7.81,7.89,4.59
2073,0.9,Very Good,G,SI2,63.3,59.0,3107,6.12,6.07,3.86
11854,1.11,Ideal,H,SI1,62.0,56.0,5102,6.65,6.61,4.11
42289,0.23,Good,E,VVS2,62.2,60.0,505,3.9,3.94,2.44
40784,0.61,Good,E,I1,63.4,57.1,1168,5.37,5.43,3.42
24916,1.75,Premium,D,SI2,60.6,60.0,13363,7.74,7.78,4.7
9952,1.04,Ideal,I,VS1,63.0,56.0,4696,6.44,6.41,4.05
25952,2.16,Ideal,I,SI2,61.9,54.0,15124,8.29,8.33,5.14
14164,1.2,Premium,H,SI1,62.1,55.0,5746,6.79,6.74,4.2
17048,0.3,Ideal,F,VS1,61.5,55.0,612,4.31,4.34,2.66
20066,0.31,Ideal,F,VS2,60.8,56.0,625,4.38,4.41,2.67
3661,0.86,Ideal,G,SI2,61.9,55.0,3442,6.11,6.14,3.79
12408,1.01,Ideal,D,SI1,61.6,56.0,5234,6.45,6.48,3.98
14274,0.92,Ideal,D,SI1,62.3,56.0,5779,6.2,6.23,3.87
38897,0.38,Ideal,F,VVS2,60.3,55.0,1052,4.69,4.79,2.86
35146,0.4,Very Good,F,VS1,61.3,54.0,890,4.8,4.83,2.95
18012,0.9,Ideal,E,VVS2,62.8,54.0,7286,6.11,6.21,3.87
7144,1.11,Very Good,E,SI2,61.7,63.0,4177,6.65,6.54,4.07
33417,0.32,Premium,H,VVS2,62.3,58.0,828,4.37,4.33,2.71
32913,0.33,Ideal,F,VVS2,61.9,56.0,810,4.42,4.46,2.75
51036,0.76,Premium,E,SI2,59.3,62.0,2329,6.01,5.96,3.55
32655,0.31,Premium,H,VVS2,62.3,60.0,802,4.36,4.31,2.7
15666,1.32,Premium,I,SI1,62.2,58.0,6283,7.04,6.99,4.36
33020,0.33,Ideal,E,VVS2,61.2,56.0,814,4.46,4.5,2.74
3376,0.24,Ideal,F,VS2,61.8,57.0,408,3.97,3.99,2.46
24589,2.01,Premium,E,SI1,60.4,61.0,12898,8.05,7.98,4.84
2762,0.9,Very Good,I,SI1,63.3,59.0,3251,6.14,6.05,3.86
51374,0.55,Premium,D,VVS2,61.2,57.0,2366,5.3,5.26,3.23
2248,0.91,Good,G,SI2,62.5,60.0,3149,6.05,6.08,3.79
39790,0.39,Ideal,D,VS1,60.3,56.0,1095,4.71,4.77,2.86
12863,1.24,Ideal,J,VS2,61.8,58.0,5361,6.88,6.84,4.24
39516,0.32,Ideal,E,VVS2,61.6,57.0,1080,4.43,4.4,2.72
49973,0.29,Very Good,H,VVS2,61.7,55.0,541,4.27,4.3,2.64
12914,1.13,Premium,G,SI1,60.9,60.0,5376,6.76,6.67,4.09
5158,1.02,Premium,H,SI2,59.2,59.0,3769,6.57,6.54,3.88
8436,0.77,Ideal,D,VS1,62.3,56.0,4407,5.83,5.89,3.65
28450,0.37,Ideal,G,VS2,61.4,56.0,671,4.63,4.65,2.85
23097,1.34,Premium,G,VVS2,61.3,58.0,11118,7.16,7.1,4.37
37791,0.38,Premium,E,VS1,60.2,58.0,1000,4.66,4.71,2.82
24338,1.74,Ideal,H,SI1,61.9,55.0,12605,7.71,7.74,4.78
51464,1.2,Fair,I,I1,65.1,55.0,2376,6.65,6.59,4.31
18671,1.19,Ideal,H,VS2,62.0,54.0,7633,6.79,6.83,4.22
47314,0.23,Very Good,E,VVS2,59.4,59.0,530,4.03,4.08,2.41
15898,1.22,Premium,I,VS1,60.6,61.0,6354,6.94,6.88,4.19
48723,0.52,Ideal,G,VVS2,61.8,57.0,2012,5.19,5.14,3.19
1318,0.79,Ideal,I,VS1,62.2,57.0,2958,5.89,5.94,3.68
35161,0.4,Good,D,VS2,63.5,55.0,891,4.66,4.69,2.97
45105,0.59,Ideal,H,VS2,62.2,59.0,1648,5.38,5.34,3.33
19733,1.24,Ideal,H,VS1,62.1,56.0,8299,6.85,6.88,4.26
38697,0.37,Ideal,E,VS2,61.9,53.0,1041,4.65,4.62,2.87
6330,0.91,Ideal,G,VS1,61.3,56.0,4029,6.28,6.21,3.83
9434,1.14,Ideal,F,SI2,61.7,56.0,4591,6.71,6.67,4.13
15656,1.04,Premium,F,VS2,59.6,62.0,6278,6.62,6.56,3.93
49253,0.71,Ideal,H,SI2,62.1,56.0,2086,5.76,5.71,3.56
33851,0.3,Ideal,F,VS1,61.4,56.0,844,4.37,4.33,2.67
40685,0.5,Good,E,SI1,63.7,59.0,1155,5.07,5.01,3.21
39782,0.36,Ideal,D,VS2,61.6,56.0,1094,4.57,4.55,2.81
23696,1.51,Premium,D,SI1,62.5,60.0,11760,7.27,7.23,4.54
11637,0.92,Ideal,D,SI2,61.9,55.0,5051,6.24,6.27,3.87
46345,0.7,Ideal,E,SI1,62.3,56.0,1758,5.68,5.62,3.52
47106,0.61,Premium,H,VVS2,62.4,59.0,1827,5.4,5.43,3.38
28314,0.32,Ideal,I,SI1,62.4,57.0,432,4.35,4.37,2.72
21830,1.76,Very Good,I,SI2,62.0,57.0,9898,7.7,7.74,4.78
23210,1.62,Ideal,I,VS2,61.8,55.0,11217,7.56,7.59,4.68
13372,0.24,Very Good,D,VS1,62.2,58.0,419,3.95,3.99,2.47
2711,0.31,Ideal,G,SI1,61.6,55.0,563,4.34,4.37,2.68
27708,0.36,Good,E,SI2,63.7,54.0,648,4.55,4.52,2.89
37141,0.4,Very Good,F,VVS2,62.9,55.0,972,4.72,4.75,2.98
49029,0.61,Ideal,H,VS1,60.8,56.0,2053,5.51,5.47,3.34
51210,0.74,Very Good,I,SI1,63.8,58.0,2352,5.72,5.76,3.66
20206,1.55,Very Good,I,SI1,62.0,62.0,8644,7.33,7.47,4.59
11033,1.0,Very Good,G,SI1,61.4,57.0,4919,6.45,6.42,3.95
1604,0.7,Ideal,F,VS2,62.7,55.0,3011,5.66,5.69,3.56
27423,2.01,Very Good,H,SI1,58.2,63.0,18027,8.32,8.23,4.82
30560,0.31,Ideal,D,VS2,62.5,56.0,734,4.34,4.36,2.72
51670,0.7,Ideal,F,SI2,62.1,57.0,2398,5.65,5.69,3.52
3036,0.31,Ideal,G,VVS2,62.2,55.0,565,4.32,4.36,2.7
13432,0.92,Ideal,E,SI1,62.1,56.0,5516,6.22,6.24,3.87
36798,0.34,Ideal,E,VS2,62.6,55.0,956,4.45,4.43,2.78
45652,0.38,Ideal,J,SI1,62.0,54.0,525,4.67,4.71,2.91
30372,0.36,Ideal,H,VS2,62.1,55.0,729,4.61,4.57,2.85
47347,0.5,Ideal,D,VS2,62.5,54.0,1845,5.09,5.05,3.17
31868,0.3,Premium,H,VVS2,62.0,58.0,776,4.35,4.3,2.68
31804,0.37,Very Good,H,VVS1,61.9,55.0,774,4.6,4.66,2.86
31198,0.32,Ideal,I,VVS1,62.5,55.0,756,4.4,4.37,2.74
36056,0.31,Ideal,G,IF,61.9,56.0,924,4.36,4.39,2.71
12111,1.01,Premium,H,VS2,61.3,59.0,5166,6.41,6.45,3.94
9589,1.04,Ideal,H,SI1,60.3,57.0,4629,6.55,6.58,3.96
25895,1.82,Very Good,G,SI1,62.7,58.0,15025,7.68,7.75,4.84
47538,0.63,Premium,G,VS2,61.5,57.0,1871,5.54,5.51,3.4
16826,1.21,Premium,H,VS2,61.5,58.0,6710,6.82,6.78,4.18
35647,0.31,Ideal,G,VVS2,62.7,57.0,907,4.34,4.31,2.71
42388,0.6,Good,J,VS1,58.9,60.5,1306,5.5,5.57,3.26
10105,0.73,Very Good,D,VVS1,61.8,61.0,4716,5.7,5.73,3.53
11151,1.07,Premium,E,SI2,59.7,58.0,4943,6.66,6.68,3.98
39730,0.35,Ideal,E,VS1,61.9,56.0,1091,4.55,4.53,2.81
44069,0.55,Ideal,E,SI1,61.7,56.0,1551,5.24,5.29,3.25
12725,0.9,Premium,E,VS2,62.6,60.0,5312,6.15,6.08,3.83
25513,1.58,Very Good,F,VS2,59.9,61.0,14308,7.5,7.6,4.52
1054,0.25,Premium,F,VS1,61.2,59.0,558,4.05,4.02,2.47
26607,1.52,Ideal,G,VVS1,61.4,57.0,16343,7.38,7.4,4.54
5577,1.21,Fair,H,SI2,65.6,56.0,3862,6.69,6.59,4.36
950,0.71,Very Good,F,VS1,62.8,56.0,2889,5.69,5.72,3.58
36521,0.42,Ideal,G,SI1,62.9,54.0,945,4.81,4.79,3.02
23995,2.03,Ideal,G,SI2,61.5,57.0,12154,8.15,8.07,4.99
17081,1.1,Very Good,F,VS2,61.4,58.0,6810,6.63,6.73,4.1
29133,0.33,Very Good,G,VVS2,61.9,56.0,692,4.46,4.49,2.77
39681,0.47,Premium,E,SI1,60.2,61.0,1087,5.05,4.96,3.02
26937,1.68,Ideal,G,VS1,62.0,55.0,16985,7.59,7.66,4.73
1591,0.74,Very Good,E,SI1,61.3,58.0,3009,5.8,5.84,3.57
2983,1.0,Very Good,E,I1,63.0,57.0,3300,6.32,6.35,3.99
19233,1.12,Ideal,G,VS1,61.5,55.0,7970,6.67,6.69,4.11
37829,0.33,Ideal,E,VS1,60.6,57.0,1002,4.54,4.5,2.74
35688,0.3,Premium,D,VS2,62.0,59.0,911,4.27,4.22,2.63
44471,0.54,Ideal,E,SI1,61.5,56.0,1594,5.31,5.26,3.25
5072,0.95,Good,F,SI2,59.7,57.0,3750,6.41,6.45,3.84
6367,0.32,Very Good,H,SI1,63.1,54.0,576,4.42,4.36,2.77
48320,0.23,Ideal,G,VVS1,61.9,58.0,536,3.93,3.96,2.44
30595,0.31,Ideal,D,VS2,62.0,55.0,734,4.36,4.38,2.71
14062,0.3,Good,H,VVS2,63.5,55.0,605,4.25,4.28,2.71
42417,0.66,Very Good,F,SI2,61.6,54.0,1311,5.62,5.64,3.47
25056,2.41,Premium,I,SI2,60.7,59.0,13563,8.7,8.64,5.26
26790,2.05,Very Good,J,VS1,61.4,58.5,16641,8.13,8.16,5.0
20538,1.56,Ideal,I,SI1,61.4,56.0,8858,7.47,7.42,4.57
27780,0.32,Premium,H,VS2,62.5,59.0,648,4.38,4.33,2.72
15028,1.35,Ideal,J,VS1,62.3,54.0,6048,7.17,7.06,4.43
33881,0.3,Ideal,E,VS2,62.6,56.0,844,4.33,4.29,2.7
18185,1.01,Premium,F,VS1,61.7,58.0,7372,6.4,6.43,3.96
5740,1.03,Fair,I,SI1,57.4,61.0,3892,6.67,6.71,3.84
35948,0.3,Ideal,F,SI1,62.4,55.0,475,4.3,4.32,2.69
25832,1.66,Ideal,H,IF,61.5,57.0,14859,7.62,7.59,4.68
44304,0.56,Very Good,D,SI1,62.5,58.0,1578,5.23,5.27,3.28
28018,0.3,Ideal,E,VS2,60.2,57.0,658,4.36,4.38,2.63
13034,0.38,Premium,J,VS1,62.1,60.0,600,4.6,4.64,2.87
38801,0.31,Very Good,G,VVS1,63.4,57.0,1046,4.36,4.32,2.75
35633,0.3,Good,I,VS1,63.4,54.0,473,4.29,4.32,2.73
51630,0.71,Very Good,F,SI2,63.2,57.0,2397,5.66,5.7,3.59
42042,0.53,Ideal,H,SI1,61.3,55.0,1268,5.23,5.27,3.22
42912,0.52,Very Good,J,VVS1,61.7,55.5,1363,5.17,5.19,3.19
8724,0.31,Premium,H,VS2,58.9,61.0,586,4.46,4.43,2.62
45565,0.52,Ideal,G,VS1,62.3,55.0,1689,5.14,5.16,3.21
44020,0.51,Premium,E,SI1,61.3,54.0,1546,5.18,5.13,3.16
17250,1.01,Very Good,D,VS2,60.4,58.0,6905,6.47,6.57,3.94
48399,0.52,Ideal,H,IF,59.2,58.0,1967,5.23,5.31,3.12
24676,1.23,Ideal,E,VVS2,59.9,57.0,13034,6.95,7.03,4.19
22897,1.7,Very Good,I,VS2,63.0,58.0,10935,7.52,7.65,4.78
45789,0.59,Very Good,I,VVS1,62.8,58.0,1709,5.3,5.34,3.34
37258,0.31,Ideal,G,VVS1,62.8,57.0,977,4.33,4.3,2.71
3883,0.9,Good,H,SI1,63.1,63.0,3484,6.04,6.1,3.83
6688,1.11,Very Good,E,SI2,61.6,61.0,4102,6.61,6.66,4.09
41127,0.52,Premium,G,SI2,58.8,62.0,1196,5.31,5.3,3.12
50887,0.9,Premium,F,I1,61.9,59.0,2316,6.18,6.16,3.82
27212,1.97,Premium,H,VS2,62.9,59.0,17535,8.01,7.9,5.0
27063,2.01,Premium,E,SI2,58.9,60.0,17179,8.24,8.2,4.84
21131,1.73,Very Good,I,SI2,62.0,58.0,9292,7.6,7.69,4.74
20799,1.6,Premium,J,VS1,61.3,59.0,9032,7.52,7.49,4.6
45068,0.55,Very Good,H,VS1,61.0,56.0,1643,5.26,5.3,3.22
43537,0.51,Ideal,G,VS2,61.6,56.0,1427,5.13,5.18,3.18
34268,0.29,Very Good,H,VVS2,62.2,54.0,466,4.23,4.26,2.64
49371,0.7,Very Good,F,SI2,61.2,57.0,2100,5.67,5.74,3.49
41493,0.51,Good,D,SI2,64.2,56.0,1232,5.05,5.02,3.23
1125,0.83,Very Good,D,SI2,63.1,57.0,2918,5.95,5.9,3.74
43595,0.31,Ideal,H,VS2,61.8,57.0,507,4.32,4.36,2.68
22715,1.5,Very Good,D,SI2,64.0,56.0,10730,7.17,7.23,4.61
38804,0.31,Ideal,G,VVS1,62.5,54.0,1046,4.37,4.33,2.72
44862,0.51,Very Good,H,VS1,60.7,56.0,1628,5.18,5.21,3.16
14674,1.0,Good,G,VS1,58.6,62.0,5921,6.5,6.53,3.82
39190,0.35,Ideal,D,VS2,62.4,57.0,1063,4.56,4.51,2.83
22702,0.3,Fair,E,SI1,64.5,49.0,630,4.28,4.25,2.75
48919,0.54,Premium,E,VS1,60.3,58.0,2041,5.32,5.26,3.19
29825,0.31,Very Good,E,VVS2,61.5,55.0,710,4.37,4.41,2.7
29868,0.3,Very Good,D,VS2,62.9,61.0,710,4.27,4.29,2.69
34254,0.33,Very Good,D,VVS2,61.9,56.0,856,4.44,4.48,2.76
27823,0.34,Premium,D,SI2,59.2,59.0,650,4.58,4.54,2.7
53258,0.86,Good,G,SI2,63.2,53.0,2647,6.06,6.1,3.84
29953,0.33,Very Good,I,SI1,62.8,58.0,445,4.39,4.43,2.77
38702,0.37,Premium,E,VS2,62.3,59.0,1041,4.59,4.56,2.85
30720,0.35,Fair,E,VVS2,66.2,58.0,738,4.41,4.35,2.9
8410,1.04,Ideal,F,SI1,59.9,56.0,4403,6.64,6.58,3.96
22969,1.07,Very Good,F,IF,59.4,59.0,11019,6.64,6.7,3.96
24334,1.52,Very Good,G,VS2,60.8,57.0,12596,7.41,7.49,4.53
29391,0.31,Very Good,E,SI1,63.5,57.0,698,4.32,4.28,2.73
50011,0.95,Premium,J,I1,61.7,59.0,2195,6.32,6.26,3.88
18365,0.37,Premium,F,SI1,61.5,59.0,616,4.59,4.62,2.83
11809,1.01,Premium,F,SI1,62.9,58.0,5090,6.43,6.35,4.02
10308,1.18,Very Good,I,SI2,63.5,57.0,4763,6.75,6.8,4.3
586,0.7,Ideal,E,VS2,61.5,54.0,2835,5.7,5.75,3.52
17373,0.32,Good,D,SI2,63.9,58.0,612,4.33,4.31,2.76
53621,0.3,Good,D,SI1,63.2,56.0,552,4.24,4.27,2.69
9247,1.01,Very Good,H,VS2,63.3,57.0,4559,6.32,6.27,3.99
31554,0.31,Ideal,F,IF,59.7,60.0,766,4.4,4.44,2.64
14829,1.01,Very Good,E,SI1,63.1,57.0,5973,6.4,6.37,4.03
12797,1.11,Very Good,H,SI1,62.5,58.0,5335,6.61,6.64,4.14
9007,1.01,Premium,H,SI1,62.3,61.0,4513,6.39,6.32,3.96
927,0.7,Very Good,H,IF,62.8,56.0,2882,5.62,5.65,3.54
26596,1.54,Ideal,G,VVS1,60.8,57.0,16316,7.49,7.45,4.54
22257,1.4,Ideal,G,VS2,61.7,56.0,10311,7.2,7.25,4.46
148,0.73,Very Good,D,SI1,60.2,56.0,2768,5.83,5.87,3.52
11808,1.04,Premium,H,SI1,61.0,58.0,5090,6.6,6.54,4.01
34653,0.31,Premium,E,VS2,60.5,60.0,872,4.36,4.34,2.63
53036,0.71,Very Good,G,SI1,60.2,58.0,2604,5.71,5.75,3.45
2523,1.04,Very Good,H,I1,61.6,61.0,3203,6.45,6.47,3.98
49646,0.3,Premium,H,SI1,61.3,58.0,540,4.33,4.29,2.64
51461,0.7,Premium,E,SI2,62.0,60.0,2376,5.72,5.67,3.53
25296,1.58,Ideal,H,VS1,60.4,57.0,13950,7.55,7.65,4.59
26033,0.32,Ideal,F,VS2,61.3,57.0,645,4.37,4.4,2.69
36519,0.3,Premium,F,VVS2,61.5,58.0,945,4.31,4.29,2.64
9453,1.0,Good,H,SI1,63.8,53.0,4596,6.39,6.27,4.04
45392,0.54,Premium,D,SI1,60.0,58.0,1667,5.3,5.26,3.17
29581,0.41,Very Good,E,SI1,62.8,58.0,705,4.72,4.77,2.98
38575,0.4,Premium,H,VS1,62.4,60.0,1035,4.74,4.69,2.94
23769,1.65,Very Good,H,VS1,62.0,56.0,11823,7.53,7.59,4.68
7525,1.01,Premium,G,SI2,59.1,59.0,4242,6.55,6.51,3.86
33917,0.3,Ideal,E,VS2,62.4,57.0,844,4.26,4.24,2.65
53907,0.75,Very Good,E,SI1,63.0,55.0,2753,5.76,5.79,3.64
30318,0.36,Premium,H,VVS2,60.6,58.0,726,4.58,4.6,2.78
1573,0.55,Premium,D,VVS1,60.3,59.0,3006,5.34,5.3,3.21
14475,1.05,Ideal,F,SI1,61.3,54.0,5842,6.58,6.61,4.04
30761,0.25,Premium,E,VVS2,62.5,59.0,740,4.05,4.02,2.52
49019,0.5,Ideal,F,VVS2,62.2,54.0,2052,5.09,5.11,3.17
27218,2.19,Premium,H,SI2,61.7,58.0,17554,8.38,8.28,5.14
44650,0.28,Very Good,G,VVS2,62.5,53.0,522,4.18,4.21,2.62
52781,0.63,Ideal,E,VS1,61.9,55.0,2565,5.46,5.5,3.4
31583,0.35,Ideal,E,VS2,61.7,56.0,767,4.52,4.56,2.8
52133,0.52,Premium,D,VVS2,59.8,60.0,2467,5.28,5.22,3.14
19648,1.52,Premium,J,VS1,62.0,59.0,8258,7.36,7.34,4.56
41562,0.5,Ideal,G,SI1,61.7,57.0,1237,5.06,5.08,3.13
7028,1.12,Ideal,G,SI2,62.8,54.0,4158,6.7,6.64,4.19
48857,0.5,Ideal,D,VS1,62.4,53.7,2033,5.08,5.12,3.18
49764,0.53,Ideal,F,VVS2,61.9,56.0,2160,5.18,5.22,3.22
3781,1.01,Premium,I,SI2,62.9,58.0,3461,6.34,6.31,3.98
6329,0.71,Ideal,D,VS2,61.7,56.0,4029,5.71,5.74,3.53
8332,1.09,Premium,H,SI2,61.2,62.0,4395,6.63,6.58,4.04
52509,0.73,Premium,F,SI1,62.1,58.0,2527,5.74,5.72,3.56
50400,0.73,Ideal,F,SI2,60.5,59.0,2255,5.83,5.88,3.54
6584,1.03,Ideal,I,SI1,61.3,56.0,4078,6.49,6.53,3.99
36945,0.26,Ideal,G,VS1,62.1,55.0,478,4.09,4.12,2.55
18675,1.61,Very Good,I,SI2,60.9,63.0,7636,7.5,7.54,4.58
52895,0.72,Ideal,H,VS1,61.9,56.0,2585,5.73,5.78,3.56
2727,0.34,Ideal,E,SI1,61.9,55.0,565,4.51,4.53,2.8
50634,0.23,Very Good,E,VS2,60.8,58.0,402,3.97,4.05,2.44
48420,0.51,Premium,G,VVS1,61.6,59.0,1971,5.12,5.08,3.14
33902,0.3,Ideal,E,VS2,62.3,57.0,844,4.3,4.27,2.67
36193,0.4,Ideal,G,VVS2,62.6,57.0,931,4.68,4.75,2.95
8908,0.9,Ideal,H,SI1,62.1,56.0,4492,6.14,6.19,3.83
49505,0.55,Ideal,H,IF,61.9,56.0,2120,5.26,5.34,3.26
15467,1.14,Very Good,F,SI1,61.3,62.0,6194,6.71,6.77,4.13
27764,0.32,Premium,H,VS2,60.6,58.0,648,4.47,4.44,2.7
53497,0.73,Premium,G,VS1,63.0,57.0,2683,5.75,5.67,3.6
5748,0.9,Very Good,E,VS2,63.4,59.0,3894,6.19,6.11,3.9
48048,0.64,Premium,E,VS2,61.6,62.0,1926,5.48,5.46,3.37
23962,1.56,Very Good,H,VVS2,63.3,58.0,12098,7.3,7.35,4.64
30627,0.28,Ideal,I,VS1,62.4,54.0,448,4.18,4.19,2.61
22279,1.5,Premium,I,IF,62.9,58.0,10332,7.31,7.21,4.57
48214,0.57,Ideal,F,VS1,61.9,56.0,1949,5.3,5.39,3.31
29925,0.31,Ideal,D,VS1,61.6,55.0,713,4.3,4.33,2.66
49151,0.6,Ideal,E,SI1,61.2,57.0,2069,5.43,5.45,3.33
28462,0.32,Very Good,H,VVS1,62.3,56.0,672,4.35,4.37,2.72
7065,0.33,Very Good,G,VS2,59.3,61.0,579,4.49,4.51,2.67
38097,0.36,Premium,E,VS2,59.3,59.0,1013,4.68,4.6,2.75
25781,2.06,Fair,J,VS1,64.6,58.0,14750,7.91,8.04,5.15
17952,1.55,Premium,I,SI2,61.5,58.0,7256,7.39,7.46,4.57
41858,0.55,Ideal,F,SI2,61.1,56.0,1256,5.29,5.32,3.24
50089,0.74,Premium,G,SI2,60.1,58.0,2206,5.89,5.86,3.53
15369,0.3,Very Good,G,VS1,62.1,60.0,605,4.24,4.3,2.65
35356,0.42,Premium,D,SI2,62.1,59.0,898,4.82,4.78,2.98
15538,1.09,Ideal,I,VS1,61.8,55.0,6225,6.59,6.62,4.08
22692,0.29,Very Good,E,VVS1,60.9,61.0,629,4.23,4.27,2.59
20284,1.52,Very Good,I,SI1,62.6,60.0,8703,7.3,7.33,4.58
20541,1.52,Good,J,VVS2,57.9,62.0,8861,7.61,7.63,4.41
7206,1.21,Very Good,J,VS2,62.4,58.0,4191,6.79,6.83,4.25
7340,0.91,Premium,E,SI1,62.6,58.0,4211,6.14,6.17,3.85
5254,0.59,Ideal,D,VVS1,62.3,54.0,3791,5.36,5.39,3.35
35875,0.4,Ideal,D,VS2,62.8,56.0,918,4.66,4.7,2.94
682,0.75,Ideal,J,SI1,61.5,56.0,2850,5.83,5.87,3.6
18045,0.35,Very Good,E,SI1,60.7,59.0,614,4.52,4.57,2.76
2099,0.9,Good,H,SI2,64.3,58.0,3114,5.97,6.03,3.86
24798,1.56,Premium,G,VS2,61.9,58.0,13178,7.4,7.44,4.59
47558,0.7,Ideal,J,VS2,62.4,55.0,1874,5.68,5.7,3.55
39312,0.33,Premium,D,VS2,61.1,56.0,1069,4.54,4.5,2.76
48525,0.54,Ideal,G,VVS2,62.1,56.0,1985,5.19,5.22,3.23
48672,0.5,Very Good,F,VVS2,61.9,56.0,2003,5.09,5.12,3.16
44165,0.63,Ideal,J,SI1,61.8,56.0,1565,5.47,5.52,3.39
17397,0.32,Ideal,D,SI2,62.6,56.0,612,4.4,4.38,2.75
25087,2.04,Very Good,J,VS2,63.0,58.0,13609,7.99,8.02,5.04
40877,0.42,Ideal,E,VVS1,61.8,56.0,1176,4.81,4.83,2.98
45016,0.54,Ideal,G,VS2,60.7,56.0,1637,5.29,5.25,3.2
1737,0.32,Premium,G,VS2,62.3,58.0,561,4.36,4.41,2.73
21064,1.5,Premium,F,SI2,60.8,59.0,9240,7.3,7.36,4.46
31901,0.3,Premium,G,VS1,62.3,59.0,776,4.3,4.27,2.67
27674,1.5,Very Good,G,VS2,60.7,59.0,18691,7.31,7.38,4.46
18013,1.07,Ideal,F,SI1,61.5,56.0,7286,6.58,6.62,4.06
18081,1.01,Very Good,E,VS1,62.6,57.0,7306,6.28,6.37,3.96
27405,1.93,Fair,F,VS1,58.9,62.0,17995,8.17,7.97,4.75
17988,1.14,Premium,F,VS2,62.0,59.0,7275,6.71,6.64,4.14
33077,0.26,Ideal,E,VVS1,61.7,56.0,814,4.11,4.09,2.53
48283,0.53,Ideal,D,VS2,62.3,56.0,1956,5.17,5.14,3.21
23627,1.45,Premium,F,VS2,61.1,58.0,11650,7.31,7.23,4.44
42089,0.42,Ideal,E,VVS2,61.8,56.0,1273,4.8,4.78,2.96
51010,0.73,Ideal,I,VS2,62.1,54.0,2327,5.79,5.8,3.6
46945,0.52,Ideal,E,VS2,61.2,56.0,1815,5.23,5.16,3.18
40733,0.35,Ideal,D,VVS2,60.8,56.0,1162,4.58,4.6,2.79
23982,1.75,Ideal,I,VS2,61.0,56.0,12127,7.75,7.82,4.75
34147,0.33,Ideal,H,VVS2,62.2,54.0,854,4.46,4.44,2.77
53450,0.52,Ideal,E,VVS2,61.3,56.0,2675,5.18,5.2,3.18
45188,0.51,Premium,G,VS1,62.1,60.0,1656,5.1,5.11,3.17
47186,0.57,Ideal,G,VS1,62.3,53.7,1837,5.32,5.35,3.32
16811,1.02,Ideal,E,VS2,60.7,56.0,6704,6.58,6.61,4.0
30552,0.31,Premium,E,VS1,60.0,59.0,734,4.38,4.42,2.64
29358,0.31,Premium,G,VS2,61.5,60.0,698,4.34,4.31,2.66
2323,1.01,Fair,H,SI2,64.5,54.0,3167,6.26,6.15,4.0
21633,1.51,Very Good,E,SI2,58.8,58.0,9727,7.53,7.61,4.45
999,0.74,Premium,D,VS2,61.8,58.0,2897,5.81,5.77,3.58
22318,1.63,Ideal,E,SI2,61.7,57.0,10357,7.5,7.54,4.64
27549,2.02,Premium,F,SI2,61.7,58.0,18320,8.11,8.15,5.02
47709,0.58,Ideal,G,VS1,62.0,57.0,1884,5.32,5.35,3.31
49099,0.64,Good,F,VS2,59.3,60.7,2063,5.59,5.66,3.34
17142,1.0,Good,F,VS2,61.1,61.0,6841,6.38,6.45,3.92
50198,0.71,Very Good,J,VVS2,61.1,58.0,2226,5.7,5.75,3.5
22854,1.22,Ideal,G,VVS1,61.1,56.0,10888,6.91,6.94,4.23
15270,1.2,Very Good,E,SI2,61.4,58.0,6130,6.81,6.88,4.2
11011,1.01,Premium,G,SI1,61.5,59.0,4916,6.43,6.48,3.97
6484,1.24,Fair,G,SI2,65.7,57.0,4058,6.72,6.68,4.4
15281,1.16,Premium,G,SI1,62.5,58.0,6132,6.73,6.68,4.19
27295,1.72,Premium,G,VS1,59.4,60.0,17765,7.86,7.82,4.66
25225,2.04,Very Good,J,VS2,62.4,57.0,13825,8.04,8.19,5.06
36782,0.39,Ideal,F,VS1,60.9,56.0,956,4.75,4.68,2.87
9195,1.02,Ideal,E,SI2,61.6,56.0,4547,6.55,6.48,3.99
35318,0.4,Ideal,H,SI1,61.8,57.0,896,4.75,4.77,2.94
47172,0.59,Premium,D,SI1,62.8,57.0,1835,5.38,5.32,3.36
45534,0.55,Ideal,H,VS1,61.2,56.0,1686,5.26,5.3,3.23
28155,0.3,Ideal,H,VVS1,61.4,56.0,665,4.32,4.35,2.66
29600,0.35,Premium,H,VVS2,62.7,58.0,706,4.46,4.5,2.81
44757,0.51,Ideal,F,VS2,62.8,57.0,1619,5.1,5.06,3.19
13379,0.32,Ideal,H,SI2,61.5,56.0,420,4.43,4.45,2.73
50118,0.65,Ideal,H,VVS2,61.6,58.0,2210,5.56,5.6,3.44
23264,1.04,Very Good,E,IF,63.6,58.0,11269,6.41,6.43,4.08
50776,0.52,Ideal,E,VVS2,61.8,56.0,2301,5.16,5.19,3.2
32777,0.34,Premium,D,SI1,62.4,58.0,803,4.46,4.42,2.77
24024,2.0,Very Good,J,SI1,62.2,59.0,12196,7.92,7.97,4.94
46597,0.54,Ideal,F,VS2,62.2,57.0,1786,5.24,5.21,3.25
50918,0.7,Very Good,D,SI1,62.5,63.0,2318,5.7,5.63,3.54
51981,0.3,Ideal,D,SI1,61.0,58.0,547,4.32,4.33,2.64
52647,0.24,Very Good,E,VVS2,62.4,58.0,552,3.96,3.99,2.48
16891,1.47,Premium,I,SI2,62.4,55.0,6742,7.34,7.24,4.55
1031,0.7,Very Good,G,VVS2,59.3,62.0,2905,5.78,5.82,3.44
11338,1.01,Premium,F,SI1,59.5,62.0,4989,6.53,6.45,3.86
47981,0.32,Ideal,E,SI1,61.5,55.0,532,4.4,4.44,2.72
39884,0.42,Ideal,G,VVS2,62.1,57.0,1103,4.8,4.77,2.97
5035,1.03,Premium,H,SI2,62.7,62.0,3749,6.43,6.38,4.02
22904,1.71,Ideal,J,VVS2,61.6,59.0,10945,7.65,7.68,4.72
14849,1.23,Premium,H,VS2,59.3,58.0,5979,7.0,6.94,4.13
2531,0.7,Ideal,G,VVS2,61.0,56.0,3205,5.74,5.77,3.51
50953,0.74,Good,G,VS2,64.2,53.0,2322,5.72,5.69,3.66
6247,0.9,Ideal,G,SI1,61.9,59.0,4008,6.16,6.19,3.82
37218,0.38,Good,E,VVS1,62.4,64.0,975,4.61,4.59,2.87
665,1.01,Good,H,I1,64.2,61.0,2846,6.25,6.18,3.99
36071,0.4,Ideal,D,SI1,63.0,57.0,924,4.7,4.66,2.95
48986,0.23,Ideal,F,VVS2,61.4,57.0,538,3.96,3.99,2.44
44877,0.52,Ideal,G,VS1,62.3,54.0,1629,5.15,5.18,3.22
27790,0.37,Premium,E,SI1,59.3,58.0,649,4.73,4.75,2.81
51232,0.56,Ideal,E,VS1,60.0,55.0,2352,5.43,5.4,3.25
21657,1.22,Ideal,F,VS1,61.5,56.0,9756,6.89,6.84,4.22
11681,1.0,Good,E,SI1,64.2,58.0,5061,6.25,6.28,4.02
22409,1.21,Very Good,E,VS1,60.0,58.0,10430,6.89,6.97,4.16
52101,0.55,Ideal,D,VS2,60.2,56.0,2459,5.33,5.38,3.22
30548,0.31,Premium,E,VS1,61.0,58.0,734,4.37,4.39,2.67
6940,1.0,Fair,E,SI1,66.3,62.0,4140,6.27,6.06,4.09
15881,1.0,Good,F,VS2,63.9,62.0,6352,6.26,6.32,4.02
15485,1.16,Premium,H,VS2,62.3,56.0,6202,6.77,6.68,4.19
31763,0.34,Ideal,F,VVS2,61.5,56.0,773,4.47,4.5,2.76
24527,1.91,Ideal,G,SI2,62.2,55.0,12816,7.94,7.9,4.93
41134,0.5,Very Good,G,SI1,62.2,60.0,1197,5.03,5.07,3.14
5228,0.92,Good,I,VS2,59.6,61.0,3785,6.28,6.34,3.76
49428,0.7,Premium,F,SI2,61.9,62.0,2107,5.69,5.66,3.51
21727,2.01,Premium,J,SI1,61.7,60.0,9793,8.12,8.09,5.0
50411,1.01,Premium,F,I1,62.6,57.0,2257,6.42,6.3,3.99
35367,0.38,Premium,H,VS2,63.0,56.0,898,4.61,4.57,2.89
45880,0.57,Ideal,D,VS2,60.3,57.0,1718,5.42,5.4,3.26
24815,2.01,Ideal,F,SI2,62.9,56.0,13201,8.05,7.9,5.02
24440,2.04,Ideal,J,SI1,62.6,55.0,12696,8.08,8.12,5.07
2332,0.92,Ideal,J,SI1,62.3,56.0,3170,6.24,6.29,3.9
47159,0.55,Ideal,G,VS2,61.2,55.0,1833,5.3,5.35,3.26
38350,0.4,Ideal,G,SI1,62.6,55.0,1020,4.71,4.69,2.93
30008,0.43,Very Good,D,SI2,61.1,58.0,716,4.86,4.9,2.98
29111,0.34,Premium,H,VS2,61.7,60.0,689,4.51,4.47,2.77
14468,1.02,Very Good,D,SI1,62.7,57.0,5839,6.42,6.5,4.05
42714,0.56,Good,F,SI1,63.2,56.0,1340,5.24,5.29,3.33
29139,0.34,Ideal,E,VS2,62.5,55.0,692,4.45,4.48,2.79
6101,0.91,Premium,G,SI1,62.8,58.0,3975,6.18,6.15,3.87
38638,0.31,Very Good,H,VS2,60.5,63.0,489,4.33,4.37,2.63
43505,0.43,Premium,F,VVS1,61.5,56.0,1422,4.9,4.86,3.0
27317,2.1,Very Good,I,VS2,59.4,60.0,17837,8.39,8.47,5.01
44592,0.53,Premium,I,VVS1,63.0,56.0,1607,5.19,5.13,3.25
34068,0.3,Premium,D,VS2,62.0,62.0,851,4.27,4.24,2.64
42694,0.54,Ideal,H,VS2,60.1,57.0,1338,5.28,5.33,3.19
22179,1.55,Fair,F,SI1,59.7,66.0,10217,7.59,7.47,4.49
17114,1.23,Very Good,I,VS2,61.2,59.0,6826,6.84,6.81,4.18
50659,0.31,Ideal,H,VS1,62.6,55.0,544,4.31,4.35,2.71
28574,0.3,Premium,H,VS1,63.0,58.0,675,4.28,4.23,2.68
24858,2.18,Premium,I,SI1,63.0,58.0,13263,8.23,8.17,5.22
12218,1.1,Very Good,I,VS1,60.8,58.3,5196,6.63,6.68,4.04
14449,1.01,Very Good,D,SI1,62.8,60.0,5832,6.36,6.42,4.01
1289,0.72,Ideal,G,VS2,61.5,55.0,2952,5.76,5.79,3.55
1671,0.65,Very Good,D,VVS2,57.7,60.0,3025,5.69,5.74,3.3
885,0.9,Fair,I,SI1,65.8,56.0,2873,6.01,5.96,3.94
42691,0.5,Ideal,E,SI1,61.6,57.0,1337,5.08,5.11,3.14
43158,0.54,Very Good,G,SI1,63.2,56.0,1389,5.19,5.16,3.27
3503,0.9,Good,E,SI2,63.2,57.0,3401,6.06,6.15,3.86
32871,0.37,Ideal,G,VS2,60.5,56.0,809,4.65,4.68,2.82
24677,1.5,Ideal,G,VS1,60.6,57.0,13034,7.47,7.36,4.49
7603,0.92,Good,E,SI1,63.2,58.0,4258,6.16,6.18,3.9
18999,1.07,Ideal,H,VVS2,61.3,57.0,7821,6.6,6.62,4.05
23298,1.11,Very Good,E,VVS1,60.2,59.0,11330,6.67,6.79,4.05
23518,1.5,Good,G,VS1,63.8,59.0,11524,7.16,7.22,4.59
40952,0.42,Ideal,D,VS1,61.1,57.0,1179,4.81,4.84,2.95
17704,0.32,Ideal,D,SI2,61.4,56.0,612,4.46,4.43,2.73
45183,0.51,Ideal,E,VS2,61.8,56.0,1656,5.12,5.14,3.17
10994,1.11,Very Good,E,SI2,62.8,55.0,4914,6.6,6.62,4.15
43609,0.34,Very Good,G,SI1,60.8,59.0,507,4.46,4.56,2.74
18219,1.0,Good,E,VS1,63.6,59.0,7392,6.35,6.32,4.03
34665,0.31,Ideal,E,VS2,62.4,54.0,872,4.35,4.31,2.7
29984,0.43,Ideal,I,VS2,61.9,54.0,716,4.87,4.88,3.02
38610,0.46,Ideal,I,VVS2,62.7,56.0,1040,4.9,4.93,3.08
51802,0.7,Very Good,H,VS2,63.4,60.0,2415,5.61,5.59,3.55
45177,0.5,Ideal,E,VS2,60.6,59.0,1655,5.1,5.2,3.12
36169,0.32,Ideal,F,IF,60.9,57.0,929,4.4,4.44,2.69
25393,2.22,Premium,I,SI1,62.7,58.0,14095,8.33,8.28,5.21
34540,0.43,Ideal,H,VS1,61.1,57.0,868,4.88,4.91,2.99
48068,0.51,Premium,D,VS2,58.0,60.0,1928,5.29,5.26,3.06
40917,0.42,Premium,G,VVS1,59.3,59.0,1179,4.9,4.92,2.91
44957,0.58,Very Good,I,VVS1,63.0,57.0,1636,5.29,5.34,3.35
11308,1.02,Ideal,E,SI2,62.6,54.6,4983,6.4,6.44,4.02
29996,0.43,Premium,E,SI2,60.8,58.0,716,4.86,4.88,2.96
31333,0.36,Ideal,F,VS2,61.0,56.0,759,4.61,4.64,2.82
19499,1.23,Ideal,G,VS2,61.5,54.0,8133,6.92,6.89,4.25
14487,1.0,Very Good,D,SI1,63.2,60.0,5851,6.31,6.35,4.0
39051,0.55,Ideal,H,SI2,62.2,54.0,1057,5.28,5.3,3.29
14669,1.51,Fair,F,SI2,65.4,56.0,5919,7.2,7.08,4.67
22225,1.63,Ideal,D,SI2,59.4,59.0,10281,7.73,7.67,4.57
21583,1.62,Very Good,I,VS2,62.0,60.0,9683,7.5,7.57,4.67
13947,1.04,Premium,H,VS2,60.4,59.0,5674,6.51,6.66,3.98
4640,0.73,Ideal,G,VVS1,61.9,57.0,3669,5.76,5.8,3.58
31063,0.27,Ideal,E,VVS1,62.0,56.0,752,4.19,4.16,2.59
32758,0.34,Premium,I,VVS1,61.9,58.0,803,4.52,4.43,2.77
41567,0.5,Premium,E,SI1,61.4,62.0,1238,5.1,5.07,3.12
23400,0.36,Ideal,H,VS1,61.8,57.0,631,4.56,4.6,2.83
1537,0.9,Premium,I,SI2,60.6,60.0,3001,6.23,6.28,3.79
9074,1.14,Premium,D,SI2,62.6,58.0,4520,6.64,6.58,4.14
31533,0.34,Ideal,E,SI1,62.0,57.0,765,4.48,4.46,2.77
31504,0.34,Premium,G,VS2,61.6,58.0,765,4.51,4.45,2.76
12366,0.26,Very Good,F,VVS1,58.7,58.0,597,4.24,4.25,2.49
1279,0.71,Premium,D,VS2,62.1,60.0,2950,5.72,5.68,3.54
46853,0.51,Premium,D,VS2,61.9,62.0,1812,5.12,5.09,3.16
10543,1.01,Ideal,I,VS1,62.6,56.0,4808,6.42,6.36,4.0
50671,0.7,Very Good,G,VS1,60.5,62.0,2287,5.72,5.76,3.47
10950,1.03,Ideal,G,SI1,60.9,57.0,4900,6.54,6.5,3.97
49749,0.63,Ideal,E,VS2,62.1,56.0,2156,5.54,5.51,3.43
8452,1.07,Premium,H,SI2,61.2,60.0,4413,6.53,6.57,4.01
45647,0.25,Ideal,H,VVS1,60.2,56.0,525,4.1,4.11,2.47
52652,0.72,Ideal,H,VS2,62.3,52.0,2548,5.76,5.82,3.61
8271,0.9,Very Good,D,SI1,62.6,58.0,4381,6.11,6.15,3.84
27017,2.71,Premium,E,SI2,60.4,59.0,17146,9.13,9.03,5.48
